global_sequence,block_time,bp_id,seq,type,from,to,quantity,memo,trx_id,block_num
2494417,2018-06-10T13:04:24.500,libertyblock,1,regproducer,,,,,245f915d1151298825a09e7fdbcc5184ee14023e61b8f819d539ed437fc3fa66,15151.0
2494506,2018-06-10T13:04:26.500,libertyblock,2,regproducer,,,,,158731e74030b4ba31748ed9e1bec3adf9ee141552a55187bb29dfe5cf5a284b,15155.0
2495766,2018-06-10T13:05:33.000,eosfishrocks,1,regproducer,,,,,fcfde9616b441ee3c3d48ce373488064460b0b08153aa68d407cf871f3d05785,15288.0
2495787,2018-06-10T13:05:37.000,hezdqojygege,1,newaccount,,,,,5ba351f8c78d4d6c5a9b57564b2fd34620411bccd8bd729771e8325c002fe6eb,15296.0
2495789,2018-06-10T13:05:37.000,hezdqojygege,3,transfer,hezdqojygege,eosio.ram,-0.1233,buy ram,5ba351f8c78d4d6c5a9b57564b2fd34620411bccd8bd729771e8325c002fe6eb,15296.0
2495792,2018-06-10T13:05:37.000,hezdqojygege,6,transfer,hezdqojygege,eosio.ramfee,-0.0006,ram fee,5ba351f8c78d4d6c5a9b57564b2fd34620411bccd8bd729771e8325c002fe6eb,15296.0
2495796,2018-06-10T13:05:37.000,hezdqojygege,10,transfer,hezdqojygege,eosio.stake,-1.0,stake bandwidth,5ba351f8c78d4d6c5a9b57564b2fd34620411bccd8bd729771e8325c002fe6eb,15296.0
2495799,2018-06-10T13:05:37.000,hezdqojygege,13,newaccount,,,,,089e18837f23eaa1fc7a46b42ba69da56775f5c4fd8f4aeb895f11895cb3126a,15296.0
2495801,2018-06-10T13:05:37.000,hezdqojygege,15,transfer,hezdqojygege,eosio.ram,-0.1233,buy ram,089e18837f23eaa1fc7a46b42ba69da56775f5c4fd8f4aeb895f11895cb3126a,15296.0
2495804,2018-06-10T13:05:37.000,hezdqojygege,18,transfer,hezdqojygege,eosio.ramfee,-0.0006,ram fee,089e18837f23eaa1fc7a46b42ba69da56775f5c4fd8f4aeb895f11895cb3126a,15296.0
2495808,2018-06-10T13:05:37.000,hezdqojygege,22,transfer,hezdqojygege,eosio.stake,-1.0,stake bandwidth,089e18837f23eaa1fc7a46b42ba69da56775f5c4fd8f4aeb895f11895cb3126a,15296.0
2495811,2018-06-10T13:05:37.000,hezdqojygege,25,newaccount,,,,,9e4814822e895b5c9667ba7365a84fbc76fa6d1bb0862dc09c7382e33c81b13f,15296.0
2495813,2018-06-10T13:05:37.000,hezdqojygege,27,transfer,hezdqojygege,eosio.ram,-0.1233,buy ram,9e4814822e895b5c9667ba7365a84fbc76fa6d1bb0862dc09c7382e33c81b13f,15296.0
2495816,2018-06-10T13:05:37.000,hezdqojygege,30,transfer,hezdqojygege,eosio.ramfee,-0.0006,ram fee,9e4814822e895b5c9667ba7365a84fbc76fa6d1bb0862dc09c7382e33c81b13f,15296.0
2495820,2018-06-10T13:05:37.000,hezdqojygege,34,transfer,hezdqojygege,eosio.stake,-1.0,stake bandwidth,9e4814822e895b5c9667ba7365a84fbc76fa6d1bb0862dc09c7382e33c81b13f,15296.0
2495823,2018-06-10T13:05:37.000,hezdqojygege,37,newaccount,,,,,8e2f9f06b775bd74a378f0d32dc0490a27a2327c2d881ded572fce9ade86bdef,15296.0
2495825,2018-06-10T13:05:37.000,hezdqojygege,39,transfer,hezdqojygege,eosio.ram,-0.1233,buy ram,8e2f9f06b775bd74a378f0d32dc0490a27a2327c2d881ded572fce9ade86bdef,15296.0
2495828,2018-06-10T13:05:37.000,hezdqojygege,42,transfer,hezdqojygege,eosio.ramfee,-0.0006,ram fee,8e2f9f06b775bd74a378f0d32dc0490a27a2327c2d881ded572fce9ade86bdef,15296.0
2495832,2018-06-10T13:05:37.000,hezdqojygege,46,transfer,hezdqojygege,eosio.stake,-1.0,stake bandwidth,8e2f9f06b775bd74a378f0d32dc0490a27a2327c2d881ded572fce9ade86bdef,15296.0
2499924,2018-06-10T13:11:06.500,eosliquideos,1,regproducer,,,,,7be29c2f656ac5934dbc51392757cd6655091e0a1416a496cb1866c85086c7cd,15955.0
2500042,2018-06-10T13:11:34.500,eosliquideos,2,regproducer,,,,,be486e6da621805c7bab27017ac788309f826b5a1b346ecaf33c20029d439c64,16011.0
2501250,2018-06-10T13:17:03.500,eosliquideos,3,regproducer,,,,,4ee16239ebf2db7c8cdcb5d162290ea1150f73bc7618798a14321d508dce0844,16669.0
2505594,2018-06-10T13:35:35.000,sheos21sheos,1,regproducer,,,,,7a715f4d71fbd772a9d8d981e07da38de041776b48323576274b9c2cb603df75,18892.0
2506281,2018-06-10T13:38:29.000,eosfishrocks,2,regproducer,,,,,718a8a7538377794112fc992440d115c99f63ac17079ac1d11dc0da4a665745c,19240.0
2507383,2018-06-10T13:39:48.500,eosfishrocks,3,regproducer,,,,,4aed1385d8f529b4535659efe7a4865d4fbe164ed72ab5f47efdd7a2112beffb,19399.0
2508317,2018-06-10T13:40:39.500,eosfishrocks,4,regproducer,,,,,24f8138ff8f3ae7baadf89bd81eaa3b988fcc9f4626ecc193ed72ff4351c7249,19501.0
2509565,2018-06-10T13:43:05.500,eosfishrocks,5,regproducer,,,,,1fe158ba8fd220e41094ab40ad9a6dda57de5a43948e4f994206ed73ca6b3d64,19793.0
2510242,2018-06-10T13:45:17.000,eosfishrocks,6,regproducer,,,,,acb28d06d822d8f690d7525dd723b907a174b2851cffb854fd2d147dccf90c21,20056.0
2510310,2018-06-10T13:45:44.000,eosfishrocks,7,regproducer,,,,,a68a6ae5e96eaaac12ad718b73896574525aad1a31e4ac1ef3eedbb0593b6e8b,20110.0
2510473,2018-06-10T13:46:36.000,eosfishrocks,8,regproducer,,,,,763b6b274b871ea07bcd1e128818557cf089530e3bbf472dd50e0d70811e1e70,20214.0
2510765,2018-06-10T13:47:57.000,eosfishrocks,9,regproducer,,,,,5746b4f669b657e3f3251467b8dfd0e25e5b67e85a055ac97a010cd4be5355a0,20376.0
2515469,2018-06-10T14:09:50.500,bp2bp2bp2bp2,1,regproducer,,,,,d0272ae31238b2ea97abedba16d35eb3845adb8417ac3c8e90a618703c80f5bc,23003.0
2614551,2018-06-10T23:51:13.500,eosfishrocks,10,regproducer,,,,,cbe737dc17a6d8b8ebc234597fee6fe09c7c5dd359a55fe9352a547b17ce21d1,92769.0
2636530,2018-06-11T02:11:42.500,bp2bp2bp2bp2,2,regproducer,,,,,d188c932b4f42afca14526056c6a142366e99c1a78e0632d83b44685b9e20239,109627.0
2636540,2018-06-11T02:11:47.000,bp2bp2bp2bp2,3,regproducer,,,,,2bb1d4a62998c2250b683dbbc3cd195aa844d437f500037a66733b554ef55fc6,109636.0
2640388,2018-06-11T02:39:11.000,eosfishrocks,11,regproducer,,,,,8b724a8740128da259a3b2c083418ba58ec41154a4d3fd00fd8541bba8ae7830,112924.0
2647684,2018-06-11T03:30:14.500,eosfishrocks,12,regproducer,,,,,bdf1920e93fd670033982fba92b709a6ddbc7f84f3cc49f1fe0ebd0122fcb904,119051.0
2660908,2018-06-11T04:56:27.000,hezdqojygege,49,newaccount,,,,,a8f88a7f565e3e120ed8959a631db5a06aece426693649ae770560c9e251c160,129396.0
2660910,2018-06-11T04:56:27.000,hezdqojygege,51,transfer,hezdqojygege,eosio.ram,-0.1234,buy ram,a8f88a7f565e3e120ed8959a631db5a06aece426693649ae770560c9e251c160,129396.0
2660913,2018-06-11T04:56:27.000,hezdqojygege,54,transfer,hezdqojygege,eosio.ramfee,-0.0006,ram fee,a8f88a7f565e3e120ed8959a631db5a06aece426693649ae770560c9e251c160,129396.0
2660917,2018-06-11T04:56:27.000,hezdqojygege,58,transfer,hezdqojygege,eosio.stake,-0.2,stake bandwidth,a8f88a7f565e3e120ed8959a631db5a06aece426693649ae770560c9e251c160,129396.0
2660920,2018-06-11T04:56:27.000,hezdqojygege,61,newaccount,,,,,c7fc0e85968f070230ec8d1c6690af277382ce6c47a3135778d997f57aaa4e4e,129396.0
2660922,2018-06-11T04:56:27.000,hezdqojygege,63,transfer,hezdqojygege,eosio.ram,-0.1234,buy ram,c7fc0e85968f070230ec8d1c6690af277382ce6c47a3135778d997f57aaa4e4e,129396.0
2660925,2018-06-11T04:56:27.000,hezdqojygege,66,transfer,hezdqojygege,eosio.ramfee,-0.0006,ram fee,c7fc0e85968f070230ec8d1c6690af277382ce6c47a3135778d997f57aaa4e4e,129396.0
2660929,2018-06-11T04:56:27.000,hezdqojygege,70,transfer,hezdqojygege,eosio.stake,-0.2,stake bandwidth,c7fc0e85968f070230ec8d1c6690af277382ce6c47a3135778d997f57aaa4e4e,129396.0
2660932,2018-06-11T04:56:27.000,hezdqojygege,73,newaccount,,,,,2fcd97b79fdf645c0992a37aab480f9b25cfe0d0957c8498d409dd659f08f0db,129396.0
2660934,2018-06-11T04:56:27.000,hezdqojygege,75,transfer,hezdqojygege,eosio.ram,-0.1234,buy ram,2fcd97b79fdf645c0992a37aab480f9b25cfe0d0957c8498d409dd659f08f0db,129396.0
2660937,2018-06-11T04:56:27.000,hezdqojygege,78,transfer,hezdqojygege,eosio.ramfee,-0.0006,ram fee,2fcd97b79fdf645c0992a37aab480f9b25cfe0d0957c8498d409dd659f08f0db,129396.0
2660941,2018-06-11T04:56:27.000,hezdqojygege,82,transfer,hezdqojygege,eosio.stake,-0.2,stake bandwidth,2fcd97b79fdf645c0992a37aab480f9b25cfe0d0957c8498d409dd659f08f0db,129396.0
2660944,2018-06-11T04:56:27.000,hezdqojygege,85,newaccount,,,,,d017fb67cf39b983bf58112c56a5041ba6e2ddda75e0591d4eeee5f37044656b,129396.0
2660946,2018-06-11T04:56:27.000,hezdqojygege,87,transfer,hezdqojygege,eosio.ram,-0.1234,buy ram,d017fb67cf39b983bf58112c56a5041ba6e2ddda75e0591d4eeee5f37044656b,129396.0
2660949,2018-06-11T04:56:27.000,hezdqojygege,90,transfer,hezdqojygege,eosio.ramfee,-0.0006,ram fee,d017fb67cf39b983bf58112c56a5041ba6e2ddda75e0591d4eeee5f37044656b,129396.0
2660953,2018-06-11T04:56:27.000,hezdqojygege,94,transfer,hezdqojygege,eosio.stake,-0.2,stake bandwidth,d017fb67cf39b983bf58112c56a5041ba6e2ddda75e0591d4eeee5f37044656b,129396.0
2660957,2018-06-11T04:56:27.500,hezdqojygege,97,newaccount,,,,,74ae657179c422d085d73f23ccd7dc3ee459a032803b0befda20f9702eec255e,129397.0
2660959,2018-06-11T04:56:27.500,hezdqojygege,99,transfer,hezdqojygege,eosio.ram,-0.1234,buy ram,74ae657179c422d085d73f23ccd7dc3ee459a032803b0befda20f9702eec255e,129397.0
2660962,2018-06-11T04:56:27.500,hezdqojygege,102,transfer,hezdqojygege,eosio.ramfee,-0.0006,ram fee,74ae657179c422d085d73f23ccd7dc3ee459a032803b0befda20f9702eec255e,129397.0
2660966,2018-06-11T04:56:27.500,hezdqojygege,106,transfer,hezdqojygege,eosio.stake,-0.2,stake bandwidth,74ae657179c422d085d73f23ccd7dc3ee459a032803b0befda20f9702eec255e,129397.0
2660969,2018-06-11T04:56:27.500,hezdqojygege,109,newaccount,,,,,83cbda4bf031abaa6a887535ef0c31294882b204d40a5b8176185bd39d51cfd8,129397.0
2660971,2018-06-11T04:56:27.500,hezdqojygege,111,transfer,hezdqojygege,eosio.ram,-0.1234,buy ram,83cbda4bf031abaa6a887535ef0c31294882b204d40a5b8176185bd39d51cfd8,129397.0
2660974,2018-06-11T04:56:27.500,hezdqojygege,114,transfer,hezdqojygege,eosio.ramfee,-0.0006,ram fee,83cbda4bf031abaa6a887535ef0c31294882b204d40a5b8176185bd39d51cfd8,129397.0
2660978,2018-06-11T04:56:27.500,hezdqojygege,118,transfer,hezdqojygege,eosio.stake,-0.2,stake bandwidth,83cbda4bf031abaa6a887535ef0c31294882b204d40a5b8176185bd39d51cfd8,129397.0
2673099,2018-06-11T06:18:28.000,bp2bp2bp2bp2,4,regproducer,,,,,c1b221cd4b726cb22d625b39ba75cc76899e57b4a4805997e7f406addf87aee5,139238.0
2673178,2018-06-11T06:18:56.500,bp2bp2bp2bp2,5,regproducer,,,,,1b3315f9fd568187c9317bd94664b73e7eb503f0a617399e61bd60c8171415d4,139295.0
2674031,2018-06-11T06:24:32.500,sheos21sheos,2,regproducer,,,,,4ebd90340435a244e035aa888633ce13a0a96d2a21b9353ca5ff4ca534562180,139967.0
2674062,2018-06-11T06:24:47.500,sheos21sheos,3,regproducer,,,,,fae0d1b14a60ca75c8d38f6884f3c62feb19a7539c9ed0d90ffa9731ed7f1621,139997.0
3044638,2018-06-13T00:02:43.500,hezdqojygege,121,newaccount,,,,,87c347eac5617142e6d643dc0448226763e20b2feb63bd5e50b54e12b177d394,439749.0
3044640,2018-06-13T00:02:43.500,hezdqojygege,123,transfer,hezdqojygege,eosio.ram,-0.1236,buy ram,87c347eac5617142e6d643dc0448226763e20b2feb63bd5e50b54e12b177d394,439749.0
3044643,2018-06-13T00:02:43.500,hezdqojygege,126,transfer,hezdqojygege,eosio.ramfee,-0.0006,ram fee,87c347eac5617142e6d643dc0448226763e20b2feb63bd5e50b54e12b177d394,439749.0
3044647,2018-06-13T00:02:43.500,hezdqojygege,130,transfer,hezdqojygege,eosio.stake,-0.2,stake bandwidth,87c347eac5617142e6d643dc0448226763e20b2feb63bd5e50b54e12b177d394,439749.0
3044778,2018-06-13T00:03:43.500,hezdqojygege,133,transfer,hezdqojygege,ben2ben2ben2,-1.0,,656b271ea71ef74d62d7b97062664d6e77113c2767dc6186196f5752f7e25cee,439869.0
3429716,2018-06-14T20:34:14.500,sheos21sheos,4,regproducer,,,,,36eb7fdad2ffb58c03de9ca41da28a80d86c0b0bc79030d977b10a5b9e4f1b8c,759739.0
3521471,2018-06-15T06:51:19.000,bp2bp2bp2bp2,6,regproducer,,,,,96d16ae14ffd4d9d42d628d08fc4444a83ee4b3214914074cd18fb66548853a8,833667.0
3521487,2018-06-15T06:51:26.000,bp2bp2bp2bp2,7,regproducer,,,,,23b79424fc386306fdac8655f01811e91ea70423092a3b482b128896ceb138fa,833681.0
3521993,2018-06-15T06:54:39.500,bp2bp2bp2bp2,8,regproducer,,,,,c07633fd2465ed979dc1fbb37617d7b35f82a47c42cd1e816b6e7d9ad50d0058,834067.0
3522070,2018-06-15T06:55:07.000,bp2bp2bp2bp2,9,regproducer,,,,,5c75af6ee4a6fd8faa1445782ccb7ca9563dc24b6686df28013f7e901cf2b576,834122.0
3683880,2018-06-15T13:58:54.500,libertyblock,3,claimrewards,,,,,ff1527c76617bfaa3bb6b21891ea2f5e0d2ad4f9032fe7e2e551ad345c29b113,884902.0
3683891,2018-06-15T13:58:54.500,libertyblock,24,transfer,eosio.vpay,libertyblock,255.6263,producer vote pay,ff1527c76617bfaa3bb6b21891ea2f5e0d2ad4f9032fe7e2e551ad345c29b113,884902.0
3684975,2018-06-15T14:04:05.500,libertyblock,4,buyram,,,,,78e215aa805572b65def913c73e99701730ce55654ec5ecd62300e87450c69fc,885522.0
3684976,2018-06-15T14:04:05.500,libertyblock,5,transfer,libertyblock,eosio.ram,-253.725,buy ram,78e215aa805572b65def913c73e99701730ce55654ec5ecd62300e87450c69fc,885522.0
3684979,2018-06-15T14:04:05.500,libertyblock,8,transfer,libertyblock,eosio.ramfee,-1.275,ram fee,78e215aa805572b65def913c73e99701730ce55654ec5ecd62300e87450c69fc,885522.0
3685370,2018-06-15T14:06:11.500,libertyblock,11,buyram,,,,,0c65062471b2fc1667087bf7a8c61836d16ff70b37a48442eb1770a4b9027c5c,885774.0
3685371,2018-06-15T14:06:11.500,libertyblock,12,transfer,libertyblock,eosio.ram,-0.0995,buy ram,0c65062471b2fc1667087bf7a8c61836d16ff70b37a48442eb1770a4b9027c5c,885774.0
3685374,2018-06-15T14:06:11.500,libertyblock,15,transfer,libertyblock,eosio.ramfee,-0.0005,ram fee,0c65062471b2fc1667087bf7a8c61836d16ff70b37a48442eb1770a4b9027c5c,885774.0
3760989,2018-06-15T21:36:42.000,hezdqojygege,136,newaccount,,,,,576d2a887da33a9e7390d16c4707e0e040388de2a9f3c2c5285ba41cd5cab89f,939715.0
3760991,2018-06-15T21:36:42.000,hezdqojygege,138,transfer,hezdqojygege,eosio.ram,-0.1239,buy ram,576d2a887da33a9e7390d16c4707e0e040388de2a9f3c2c5285ba41cd5cab89f,939715.0
3760994,2018-06-15T21:36:42.000,hezdqojygege,141,transfer,hezdqojygege,eosio.ramfee,-0.0006,ram fee,576d2a887da33a9e7390d16c4707e0e040388de2a9f3c2c5285ba41cd5cab89f,939715.0
3760998,2018-06-15T21:36:42.000,hezdqojygege,145,transfer,hezdqojygege,eosio.stake,-0.2,stake bandwidth,576d2a887da33a9e7390d16c4707e0e040388de2a9f3c2c5285ba41cd5cab89f,939715.0
3761001,2018-06-15T21:36:42.000,hezdqojygege,148,newaccount,,,,,76972c2056f64358717f68d8b036350b75029c61c20cf5d149a0348ba6f7142c,939715.0
3761003,2018-06-15T21:36:42.000,hezdqojygege,150,transfer,hezdqojygege,eosio.ram,-0.1239,buy ram,76972c2056f64358717f68d8b036350b75029c61c20cf5d149a0348ba6f7142c,939715.0
3761006,2018-06-15T21:36:42.000,hezdqojygege,153,transfer,hezdqojygege,eosio.ramfee,-0.0006,ram fee,76972c2056f64358717f68d8b036350b75029c61c20cf5d149a0348ba6f7142c,939715.0
3761010,2018-06-15T21:36:42.000,hezdqojygege,157,transfer,hezdqojygege,eosio.stake,-0.2,stake bandwidth,76972c2056f64358717f68d8b036350b75029c61c20cf5d149a0348ba6f7142c,939715.0
3761013,2018-06-15T21:36:42.000,hezdqojygege,160,newaccount,,,,,b1bb0208d641c6c112e6ef1b51cabb1036573ab546dc7c33b4efb554eeaa3912,939715.0
3761015,2018-06-15T21:36:42.000,hezdqojygege,162,transfer,hezdqojygege,eosio.ram,-0.1239,buy ram,b1bb0208d641c6c112e6ef1b51cabb1036573ab546dc7c33b4efb554eeaa3912,939715.0
3761018,2018-06-15T21:36:42.000,hezdqojygege,165,transfer,hezdqojygege,eosio.ramfee,-0.0006,ram fee,b1bb0208d641c6c112e6ef1b51cabb1036573ab546dc7c33b4efb554eeaa3912,939715.0
3761022,2018-06-15T21:36:42.000,hezdqojygege,169,transfer,hezdqojygege,eosio.stake,-0.2,stake bandwidth,b1bb0208d641c6c112e6ef1b51cabb1036573ab546dc7c33b4efb554eeaa3912,939715.0
3761025,2018-06-15T21:36:42.000,hezdqojygege,172,newaccount,,,,,20df5a72840e70eb687b1a209a548a65b38cf9ac3d08fce8e22f14c0cf603397,939715.0
3761027,2018-06-15T21:36:42.000,hezdqojygege,174,transfer,hezdqojygege,eosio.ram,-0.1239,buy ram,20df5a72840e70eb687b1a209a548a65b38cf9ac3d08fce8e22f14c0cf603397,939715.0
3761030,2018-06-15T21:36:42.000,hezdqojygege,177,transfer,hezdqojygege,eosio.ramfee,-0.0006,ram fee,20df5a72840e70eb687b1a209a548a65b38cf9ac3d08fce8e22f14c0cf603397,939715.0
3761034,2018-06-15T21:36:42.000,hezdqojygege,181,transfer,hezdqojygege,eosio.stake,-0.2,stake bandwidth,20df5a72840e70eb687b1a209a548a65b38cf9ac3d08fce8e22f14c0cf603397,939715.0
3761037,2018-06-15T21:36:42.000,hezdqojygege,184,newaccount,,,,,bf1aa2b14d41cc226b4c0abba1cc45c317a68920b10355ea318642d89799d11b,939715.0
3761039,2018-06-15T21:36:42.000,hezdqojygege,186,transfer,hezdqojygege,eosio.ram,-0.1239,buy ram,bf1aa2b14d41cc226b4c0abba1cc45c317a68920b10355ea318642d89799d11b,939715.0
3761042,2018-06-15T21:36:42.000,hezdqojygege,189,transfer,hezdqojygege,eosio.ramfee,-0.0006,ram fee,bf1aa2b14d41cc226b4c0abba1cc45c317a68920b10355ea318642d89799d11b,939715.0
3761046,2018-06-15T21:36:42.000,hezdqojygege,193,transfer,hezdqojygege,eosio.stake,-0.2,stake bandwidth,bf1aa2b14d41cc226b4c0abba1cc45c317a68920b10355ea318642d89799d11b,939715.0
3782727,2018-06-16T00:03:31.500,sheos21sheos,5,claimrewards,,,,,67c01a09c9c750a7074fd61360b3e687fa5cbf8fb841e716d4b4de3cb5c4c8f9,957321.0
3782738,2018-06-16T00:03:31.500,sheos21sheos,60,transfer,eosio.vpay,sheos21sheos,327.3847,producer vote pay,67c01a09c9c750a7074fd61360b3e687fa5cbf8fb841e716d4b4de3cb5c4c8f9,957321.0
3798611,2018-06-16T01:55:48.500,eosfishrocks,13,claimrewards,,,,,6c1a8b0196231677c19b90588257be5447c723584e0d82e2ff869446542f8bcc,970744.0
3798622,2018-06-16T01:55:48.500,eosfishrocks,63,transfer,eosio.vpay,eosfishrocks,242.1095,producer vote pay,6c1a8b0196231677c19b90588257be5447c723584e0d82e2ff869446542f8bcc,970744.0
3833792,2018-06-16T05:54:55.000,libertyblock,18,regproducer,,,,,4ff2e4e44a24abf26f639984b0a7236ea1297e11f5c0211b534301a2902755d4,999412.0
3867612,2018-06-16T09:31:52.000,sheos21sheos,6,transfer,sheos21sheos,sheosgoddess,-294.8262,,a4c9fc5d2def4353f1c4327e2d8a451a439ab31956fe352e1897cfbfbe45a181,1024954.0
3976091,2018-06-17T00:55:14.000,sheos21sheos,9,claimrewards,,,,,92286596687d88c70022ccaa88c1cdc4bcf2d12c5d7cc9ce018e8054bf915f52,1102222.0
3976102,2018-06-17T00:55:14.000,sheos21sheos,165,transfer,eosio.vpay,sheos21sheos,445.2661,producer vote pay,92286596687d88c70022ccaa88c1cdc4bcf2d12c5d7cc9ce018e8054bf915f52,1102222.0
3976360,2018-06-17T00:57:04.000,sheos21sheos,10,transfer,sheos21sheos,sheosgoddess,-445.2661,,9847e57d6ddea9a63ddbb96f428c2205fa294118fb06cbc46b1de12b8f5ca56d,1102442.0
3984546,2018-06-17T01:58:47.000,eosfishrocks,14,claimrewards,,,,,732cc2ccbdc034036aec43d049470977e6168d6cbb407b4ef13c815da5b32e3f,1109848.0
3984557,2018-06-17T01:58:47.000,eosfishrocks,168,transfer,eosio.vpay,eosfishrocks,362.8654,producer vote pay,732cc2ccbdc034036aec43d049470977e6168d6cbb407b4ef13c815da5b32e3f,1109848.0
4117851,2018-06-17T12:31:58.000,libertyblock,19,claimrewards,,,,,3c19dffe4678a4c65101391ec5de9f5c15c484fc21e291bae5f3f5bfeac9828b,1185818.0
4117862,2018-06-17T12:31:58.000,libertyblock,216,transfer,eosio.vpay,libertyblock,445.8551,producer vote pay,3c19dffe4678a4c65101391ec5de9f5c15c484fc21e291bae5f3f5bfeac9828b,1185818.0
4119703,2018-06-17T12:43:29.000,libertyblock,20,buyram,,,,,e1548a3e02469e6002752a61a89e65f4e347dc86b3d5b2d6a1085a37c76482c9,1187200.0
4119704,2018-06-17T12:43:29.000,libertyblock,21,transfer,libertyblock,eosio.ram,-442.775,buy ram,e1548a3e02469e6002752a61a89e65f4e347dc86b3d5b2d6a1085a37c76482c9,1187200.0
4119707,2018-06-17T12:43:29.000,libertyblock,24,transfer,libertyblock,eosio.ramfee,-2.225,ram fee,e1548a3e02469e6002752a61a89e65f4e347dc86b3d5b2d6a1085a37c76482c9,1187200.0
4159759,2018-06-17T15:52:42.500,sheos21sheos,13,transfer,sheos21sheos,hippopotamus,-32.0,,438cd700882dd1183fe8c3ac4369c28195da6c6f8c37169e6b503681731a8d91,1209906.0
4262702,2018-06-18T02:34:26.000,eosfishrocks,15,claimrewards,,,,,9ce8a41e2dd071fd261fc775913874304b2a6fd1a8fbee1bf4b7f20e6b0ebf36,1286876.0
4262713,2018-06-18T02:34:26.000,eosfishrocks,279,transfer,eosio.vpay,eosfishrocks,407.9689,producer vote pay,9ce8a41e2dd071fd261fc775913874304b2a6fd1a8fbee1bf4b7f20e6b0ebf36,1286876.0
4590789,2018-06-19T00:51:46.000,sheos21sheos,16,claimrewards,,,,,0397fd0925705aed5c9c1c03d80a553dc57ff7ad5aac379cbf5d97cdd9fd2099,1447348.0
4590800,2018-06-19T00:51:46.000,sheos21sheos,396,transfer,eosio.vpay,sheos21sheos,504.3977,producer vote pay,0397fd0925705aed5c9c1c03d80a553dc57ff7ad5aac379cbf5d97cdd9fd2099,1447348.0
4591180,2018-06-19T00:54:09.000,sheos21sheos,17,transfer,sheos21sheos,hippopotamus,-94.9663,,cb1964573ab49344a5583677516fd963619ad5d7e18bb3b2290cbaf7cac25fe5,1447634.0
4591405,2018-06-19T00:55:33.000,sheos21sheos,20,transfer,sheos21sheos,sheosgoddess,-409.1898,,7e4758ba6a26a827cbfbe24bf344c0f51ccc01a869be97024f80736ea61d6f89,1447802.0
4617233,2018-06-19T02:39:48.000,eosfishrocks,16,claimrewards,,,,,a5444fd7602663379ced92272ee0e710291b72955903b355c20ac3c5b250ed70,1460312.0
4617244,2018-06-19T02:39:48.000,eosfishrocks,405,transfer,eosio.vpay,eosfishrocks,403.0587,producer vote pay,a5444fd7602663379ced92272ee0e710291b72955903b355c20ac3c5b250ed70,1460312.0
4697283,2018-06-19T09:57:07.000,eosliquideos,4,claimrewards,,,,,0609dfbfea02603254e394f0459ae607b9c1d70107006ff7688dd72982554cbe,1512778.0
4697294,2018-06-19T09:57:07.000,eosliquideos,210,transfer,eosio.bpay,eosliquideos,1425.472,producer block pay,0609dfbfea02603254e394f0459ae607b9c1d70107006ff7688dd72982554cbe,1512778.0
4697297,2018-06-19T09:57:07.000,eosliquideos,459,transfer,eosio.vpay,eosliquideos,887.4629,producer vote pay,0609dfbfea02603254e394f0459ae607b9c1d70107006ff7688dd72982554cbe,1512778.0
4849012,2018-06-20T01:01:06.000,sheos21sheos,23,claimrewards,,,,,44c0e0060e8f46dafb09947a29bd63a18b1d11e96d2522837b3dfa3196b8f86e,1618921.0
4849023,2018-06-20T01:01:06.000,sheos21sheos,522,transfer,eosio.vpay,sheos21sheos,444.1129,producer vote pay,44c0e0060e8f46dafb09947a29bd63a18b1d11e96d2522837b3dfa3196b8f86e,1618921.0
4849368,2018-06-20T01:03:08.500,sheos21sheos,24,transfer,sheos21sheos,hippopotamus,-44.4112,,54e139d13bc9436876ff517ef8f74a27d5f6c249041419028d5652e72c445588,1619166.0
4849458,2018-06-20T01:03:44.000,sheos21sheos,27,transfer,sheos21sheos,sheosgoddess,-400.0,,fb66fd151804052b6efa8bf4fce7fc4f2d0953042fccdd84d6efc6a8a5a0a090,1619237.0
4849633,2018-06-20T01:04:51.500,bp2bp2bp2bp2,10,claimrewards,,,,,02ad7b2791aabb2e2852f1c6c2ba3f643dca9c98a9a34da243358a90455cf58c,1619372.0
4849644,2018-06-20T01:04:51.500,bp2bp2bp2bp2,525,transfer,eosio.vpay,bp2bp2bp2bp2,428.1374,producer vote pay,02ad7b2791aabb2e2852f1c6c2ba3f643dca9c98a9a34da243358a90455cf58c,1619372.0
4908045,2018-06-20T05:07:12.000,eosfishrocks,17,claimrewards,,,,,5680b34fcef3fe03ff2a6d2fc893ef2d5d16494709a621cf190594b12d380d53,1648439.0
4908056,2018-06-20T05:07:12.000,eosfishrocks,546,transfer,eosio.vpay,eosfishrocks,402.1587,producer vote pay,5680b34fcef3fe03ff2a6d2fc893ef2d5d16494709a621cf190594b12d380d53,1648439.0
4996344,2018-06-20T13:01:20.000,eosliquideos,5,claimrewards,,,,,e6779f31b41929216e3fa228c8128b907f6662e519fd45a99a06a2716a485546,1705333.0
4996355,2018-06-20T13:01:20.000,eosliquideos,276,transfer,eosio.bpay,eosliquideos,361.8233,producer block pay,e6779f31b41929216e3fa228c8128b907f6662e519fd45a99a06a2716a485546,1705333.0
4996358,2018-06-20T13:01:20.000,eosliquideos,606,transfer,eosio.vpay,eosliquideos,805.5097,producer vote pay,e6779f31b41929216e3fa228c8128b907f6662e519fd45a99a06a2716a485546,1705333.0
5011478,2018-06-20T14:36:38.500,eosliquideos,6,approve,,,,,0f6e94160c5b2330741f7503a7bc2e7a04b813e74d65820f3189ed283116c22f,1716769.0
5017473,2018-06-20T15:20:05.500,eosliquideos,7,approve,,,,,4b736d54e93b313a4cefa7b63cc88a29afe44890ea0db5a9af670c761a3fcd0a,1721983.0
5107765,2018-06-21T01:29:21.000,sheos21sheos,30,claimrewards,,,,,0ce1163e0a0d2be57d2f005a59e4c8ad818e18aea13c63814d1f60fc6f5df432,1795057.0
5107776,2018-06-21T01:29:21.000,sheos21sheos,666,transfer,eosio.vpay,sheos21sheos,362.2981,producer vote pay,0ce1163e0a0d2be57d2f005a59e4c8ad818e18aea13c63814d1f60fc6f5df432,1795057.0
5108240,2018-06-21T01:32:24.000,bp2bp2bp2bp2,11,claimrewards,,,,,8b0bc7529e222ef1f1260fc03d7746dac5f4989814cb6a52fd10a483e8962524,1795423.0
5108251,2018-06-21T01:32:24.000,bp2bp2bp2bp2,669,transfer,eosio.vpay,bp2bp2bp2bp2,447.9613,producer vote pay,8b0bc7529e222ef1f1260fc03d7746dac5f4989814cb6a52fd10a483e8962524,1795423.0
5123101,2018-06-21T03:00:53.000,sheos21sheos,31,transfer,sheos21sheos,hippopotamus,-36.2298,,9f298134032685752ebba8e02a22c55e97e6c64ebf1535f0cdb67ad4ebf05d3e,1806041.0
5123370,2018-06-21T03:02:54.000,sheos21sheos,34,transfer,sheos21sheos,sheosgoddess,-326.0,,deed135e15d5f3fd9536a10adeb0b2699747c7016e3426bbcc34b3e71ddfb660,1806283.0
5202457,2018-06-21T11:57:55.500,eosfishrocks,18,claimrewards,,,,,77c18cdf2f328e9362772e4576fd1d1eb52f120bb1696b449b051a37c68b4c47,1870425.0
5202468,2018-06-21T11:57:55.500,eosfishrocks,750,transfer,eosio.vpay,eosfishrocks,160.2722,producer vote pay,77c18cdf2f328e9362772e4576fd1d1eb52f120bb1696b449b051a37c68b4c47,1870425.0
5223170,2018-06-21T14:11:01.000,eosliquideos,8,claimrewards,,,,,633603e48f26a7131600eb0b85cf1625bc16e60829cd0554d4346ea519ecad0d,1886336.0
5223181,2018-06-21T14:11:01.000,eosliquideos,345,transfer,eosio.bpay,eosliquideos,335.263,producer block pay,633603e48f26a7131600eb0b85cf1625bc16e60829cd0554d4346ea519ecad0d,1886336.0
5223184,2018-06-21T14:11:01.000,eosliquideos,762,transfer,eosio.vpay,eosliquideos,548.3984,producer vote pay,633603e48f26a7131600eb0b85cf1625bc16e60829cd0554d4346ea519ecad0d,1886336.0
5566182,2018-06-22T02:59:01.500,sheos21sheos,37,claimrewards,,,,,fa2a63647549756ce45114386a9aee40d5ebe9f3b4ded6fdeeb65ea9e8462ad1,1978422.0
5566193,2018-06-22T02:59:01.500,sheos21sheos,825,transfer,eosio.vpay,sheos21sheos,374.1737,producer vote pay,fa2a63647549756ce45114386a9aee40d5ebe9f3b4ded6fdeeb65ea9e8462ad1,1978422.0
5569088,2018-06-22T03:19:01.500,bp2bp2bp2bp2,12,claimrewards,,,,,1fa1031e83143bf10d1d0adb2b6309a8be5825025c502214de5bdee31c10525e,1980822.0
5569099,2018-06-22T03:19:01.500,bp2bp2bp2bp2,831,transfer,eosio.vpay,bp2bp2bp2bp2,177.3068,producer vote pay,1fa1031e83143bf10d1d0adb2b6309a8be5825025c502214de5bdee31c10525e,1980822.0
5582104,2018-06-22T04:48:56.000,sheos21sheos,38,transfer,sheos21sheos,hippopotamus,-37.4173,,9e0218bb76b727509dbbca1c9e6f27c071b1554e23d7caf5bd8feac00c34fdeb,1991610.0
5582268,2018-06-22T04:49:52.500,sheos21sheos,41,transfer,sheos21sheos,sheosgoddess,-336.7563,,e6d64ad95bc1c6c004af547ecaa19ca2c75a46cd9fd241265070c385cf3388ac,1991723.0
5953800,2018-06-22T13:06:15.500,eosfishrocks,19,claimrewards,,,,,e6a2d184672b7d26861ca0423babf45c48d8eec006dbaab8d6223ce2baed568c,2051273.0
5953811,2018-06-22T13:06:15.500,eosfishrocks,903,transfer,eosio.vpay,eosfishrocks,189.1532,producer vote pay,e6a2d184672b7d26861ca0423babf45c48d8eec006dbaab8d6223ce2baed568c,2051273.0
5962440,2018-06-22T14:01:53.000,libertyblock,27,claimrewards,,,,,93ed2c9e9fc212894067b0acd133de5a53e052f148202be7852e7f0b4f6dc54f,2057948.0
5962451,2018-06-22T14:01:53.000,libertyblock,906,transfer,eosio.vpay,libertyblock,455.0311,producer vote pay,93ed2c9e9fc212894067b0acd133de5a53e052f148202be7852e7f0b4f6dc54f,2057948.0
5982397,2018-06-22T15:49:44.000,libertyblock,28,updateauth,,,,,f9cabd778ae7efa3c68974d37eb6da917c6e342b7537cac006a5f050ecec2aa3,2070890.0
5989053,2018-06-22T16:14:04.500,eosliquideos,9,claimrewards,,,,,dddfe9ebbd9219aeb9c1f353506529501b5c93a13bdb965f3ce40c1e86cde1f5,2073811.0
5989064,2018-06-22T16:14:04.500,eosliquideos,411,transfer,eosio.bpay,eosliquideos,346.4366,producer block pay,dddfe9ebbd9219aeb9c1f353506529501b5c93a13bdb965f3ce40c1e86cde1f5,2073811.0
5989067,2018-06-22T16:14:04.500,eosliquideos,942,transfer,eosio.vpay,eosliquideos,541.2867,producer vote pay,dddfe9ebbd9219aeb9c1f353506529501b5c93a13bdb965f3ce40c1e86cde1f5,2073811.0
6081107,2018-06-23T02:59:02.000,sheos21sheos,44,claimrewards,,,,,32873777766603353f97bad9866f84503b9eeff668cad5e6b700dca3a9a92368,2151194.0
6081118,2018-06-23T02:59:02.000,sheos21sheos,987,transfer,eosio.vpay,sheos21sheos,390.2822,producer vote pay,32873777766603353f97bad9866f84503b9eeff668cad5e6b700dca3a9a92368,2151194.0
6081504,2018-06-23T03:00:55.000,sheos21sheos,45,transfer,sheos21sheos,hippopotamus,-39.0282,,68b6344b13de33d77996c85ce470e5b36806821f50bee2995066da78e359d67e,2151420.0
6081594,2018-06-23T03:01:35.500,sheos21sheos,48,transfer,sheos21sheos,sheosgoddess,-351.0,,3f04674961dba2fbd014eaa03a9d42d22f68a2ee28b820db412b57afb62658f8,2151501.0
6084242,2018-06-23T03:20:01.500,bp2bp2bp2bp2,13,claimrewards,,,,,f27bf018f4d5de0805c2ac5ca845614ba790f93f695103f0fdc58f551a972ffc,2153713.0
6084253,2018-06-23T03:20:01.500,bp2bp2bp2bp2,993,transfer,eosio.vpay,bp2bp2bp2bp2,155.7025,producer vote pay,f27bf018f4d5de0805c2ac5ca845614ba790f93f695103f0fdc58f551a972ffc,2153713.0
6180258,2018-06-23T13:31:57.000,eosfishrocks,20,claimrewards,,,,,e8f91385ca56dd62d7f0004046b8fc3d1c0257f580a229534a8139f1ef92db0e,2227120.0
6180269,2018-06-23T13:31:57.000,eosfishrocks,1068,transfer,eosio.vpay,eosfishrocks,183.8913,producer vote pay,e8f91385ca56dd62d7f0004046b8fc3d1c0257f580a229534a8139f1ef92db0e,2227120.0
6185269,2018-06-23T14:02:02.500,libertyblock,29,claimrewards,,,,,082bad64b4ceb7ee46cea1d155e144a95e5c50b6dc989fa0ff5262290c643ed4,2230731.0
6185280,2018-06-23T14:02:02.500,libertyblock,1074,transfer,eosio.vpay,libertyblock,431.1612,producer vote pay,082bad64b4ceb7ee46cea1d155e144a95e5c50b6dc989fa0ff5262290c643ed4,2230731.0
6356963,2018-06-23T20:26:29.500,eosliquideos,10,claimrewards,,,,,76fe9ed08a2e62fc7cea1babd5a6925d4fbec191886803ee85e412701d2c8377,2276817.0
6356974,2018-06-23T20:26:29.500,eosliquideos,471,transfer,eosio.bpay,eosliquideos,375.7805,producer block pay,76fe9ed08a2e62fc7cea1babd5a6925d4fbec191886803ee85e412701d2c8377,2276817.0
6356977,2018-06-23T20:26:29.500,eosliquideos,1113,transfer,eosio.vpay,eosliquideos,627.6799,producer vote pay,76fe9ed08a2e62fc7cea1babd5a6925d4fbec191886803ee85e412701d2c8377,2276817.0
6470388,2018-06-24T03:00:02.000,sheos21sheos,51,claimrewards,,,,,660cb3ce70a6500d35ab374cba250156a3bffa98412ebe71dfedc8ba852077bd,2324042.0
6470399,2018-06-24T03:00:02.000,sheos21sheos,1152,transfer,eosio.vpay,sheos21sheos,377.9174,producer vote pay,660cb3ce70a6500d35ab374cba250156a3bffa98412ebe71dfedc8ba852077bd,2324042.0
6471986,2018-06-24T03:10:51.500,sheos21sheos,52,transfer,sheos21sheos,hippopotamus,-37.7917,,9a728176fedd09bfb36edd24fc28b55c54da4ace00712826f37a153b78674b12,2325341.0
6472053,2018-06-24T03:11:21.500,sheos21sheos,55,transfer,sheos21sheos,sheosgoddess,-340.0,,5ccd251546d48a774ceca7d0d095f1ae754b0fa9ef3a28d4bdb5bef1d2f68e58,2325401.0
6473374,2018-06-24T03:20:02.500,bp2bp2bp2bp2,14,claimrewards,,,,,04e10138cd45ddc8144bd7ba6a35b569121a828f0a367e8a793fc51f29fb1012,2326443.0
6473385,2018-06-24T03:20:02.500,bp2bp2bp2bp2,1158,transfer,eosio.vpay,bp2bp2bp2bp2,148.1113,producer vote pay,04e10138cd45ddc8144bd7ba6a35b569121a828f0a367e8a793fc51f29fb1012,2326443.0
6575578,2018-06-24T14:03:02.000,libertyblock,30,claimrewards,,,,,fdfbec912be5ae651d3b1bec97e5eeb05ae2a703cb9fa672dba1939375951495,2403456.0
6575589,2018-06-24T14:03:02.000,libertyblock,1236,transfer,eosio.vpay,libertyblock,426.5607,producer vote pay,fdfbec912be5ae651d3b1bec97e5eeb05ae2a703cb9fa672dba1939375951495,2403456.0
6605628,2018-06-24T16:44:36.000,eosfishrocks,21,claimrewards,,,,,1fe4a284b555620864d7f44057f1555e21e30d3e4f38d86d09534c76b32ce7a7,2422844.0
6605639,2018-06-24T16:44:36.000,eosfishrocks,1266,transfer,eosio.vpay,eosfishrocks,190.1373,producer vote pay,1fe4a284b555620864d7f44057f1555e21e30d3e4f38d86d09534c76b32ce7a7,2422844.0
6666789,2018-06-24T23:56:45.000,eosliquideos,11,claimrewards,,,,,3d6f899135c4bf4555d2476b209ff435c747f1af3875b2c7857e4f6ca8b8d262,2474701.0
6666800,2018-06-24T23:56:45.000,eosliquideos,531,transfer,eosio.bpay,eosliquideos,366.5412,producer block pay,3d6f899135c4bf4555d2476b209ff435c747f1af3875b2c7857e4f6ca8b8d262,2474701.0
6666803,2018-06-24T23:56:45.000,eosliquideos,1299,transfer,eosio.vpay,eosliquideos,652.3523,producer vote pay,3d6f899135c4bf4555d2476b209ff435c747f1af3875b2c7857e4f6ca8b8d262,2474701.0
6695743,2018-06-25T03:00:40.000,sheos21sheos,58,claimrewards,,,,,52be143d9548fdf8eb47f8158747386f4e79976ca47954aafe0eb56d5c7665a8,2496771.0
6695754,2018-06-25T03:00:40.000,sheos21sheos,1326,transfer,eosio.vpay,sheos21sheos,375.9689,producer vote pay,52be143d9548fdf8eb47f8158747386f4e79976ca47954aafe0eb56d5c7665a8,2496771.0
6699164,2018-06-25T03:21:01.500,bp2bp2bp2bp2,15,claimrewards,,,,,3dce09528155c0cf729c7abd2fd43f71deccf61194332881aa1e3761f054e916,2499213.0
6699175,2018-06-25T03:21:01.500,bp2bp2bp2bp2,1332,transfer,eosio.vpay,bp2bp2bp2bp2,145.2525,producer vote pay,3dce09528155c0cf729c7abd2fd43f71deccf61194332881aa1e3761f054e916,2499213.0
6699428,2018-06-25T03:22:35.500,sheos21sheos,59,transfer,sheos21sheos,hippopotamus,-37.5968,,c783c72fc485d9009001385b272ccfb938cf9569f6c777e0b1c3703b03d0a5d3,2499401.0
6699476,2018-06-25T03:22:56.000,sheos21sheos,62,transfer,sheos21sheos,sheosgoddess,-338.372,,60bfae69b1b0fa1086c3954397d3a23deb98a5baef09386a060c57b0230a1dab,2499442.0
6874761,2018-06-25T14:04:01.500,libertyblock,31,claimrewards,,,,,b6c9ae7fe3f2c618cdab9b10b0dd120a7ff2135aba2a69b497c3629eaa59e6c1,2576355.0
6874772,2018-06-25T14:04:01.500,libertyblock,1419,transfer,eosio.vpay,libertyblock,390.5929,producer vote pay,b6c9ae7fe3f2c618cdab9b10b0dd120a7ff2135aba2a69b497c3629eaa59e6c1,2576355.0
6994305,2018-06-25T17:14:51.000,eosfishrocks,22,claimrewards,,,,,684a1d307dbae380af759eccdd7da72065bb0dab32b44f603e86387be559f276,2599253.0
6994316,2018-06-25T17:14:51.000,eosfishrocks,1443,transfer,eosio.vpay,eosfishrocks,181.4042,producer vote pay,684a1d307dbae380af759eccdd7da72065bb0dab32b44f603e86387be559f276,2599253.0
7080263,2018-06-25T21:58:26.000,libertyblock,32,linkauth,,,,,2a8378af15d043c50fdc2dbf241192f53140b2567dfe886fabe4255e3e2e1e5a,2633283.0
7080737,2018-06-25T22:01:13.500,libertyblock,33,unlinkauth,,,,,0f55655693885f7a2772228ad07dbcf5cc39ecd7f54f747c91fd7ac4c944f0d8,2633618.0
7080756,2018-06-25T22:01:22.000,libertyblock,34,linkauth,,,,,8abb9463254f39aee90b01f741dfc6eb14ae7cb20e1d84eccb82c025691cf891,2633635.0
7081107,2018-06-25T22:04:01.500,libertyblock,35,updateauth,,,,,0088d5af8e54495b3748c97aead678c310d20e8abcdecd204cf99f1afeeef4d2,2633954.0
7091063,2018-06-25T23:17:29.500,libertyblock,36,linkauth,,,,,35c2d45ea0cfd99b06b50d3fa5a2a6cb853ba83a5a9e040747a3a2a728c1e50f,2642769.0
7091188,2018-06-25T23:18:25.000,libertyblock,37,unlinkauth,,,,,85604f54f3af31e19d198689468651a097af6548d03e1602b09fa4c43d524997,2642880.0
7091201,2018-06-25T23:18:31.000,libertyblock,38,unlinkauth,,,,,761d826023aa7bc48dc81a542dc37b8d3ca24bffc87c60930d01a50ad56d4144,2642892.0
7091292,2018-06-25T23:19:03.000,libertyblock,39,linkauth,,,,,cd990f96b34c759b0ec30632d54b1e366d9b36166f2db47f1d8e739ff91532fa,2642956.0
7091316,2018-06-25T23:19:14.500,libertyblock,40,unlinkauth,,,,,2d4046c14dce9997a48bca6e0c881714ce0484087a4cf32fc0de8e1a6048a235,2642979.0
7091343,2018-06-25T23:19:26.500,libertyblock,41,linkauth,,,,,8401c3c6e6647ae8ec4b3db3cd03706193a05bcff446e7e8123063f0ffb9a086,2643003.0
7101162,2018-06-26T00:25:57.000,libertyblock,42,updateauth,,,,,112c94a1f981b2c07773d9fce5e40d0a7b214b63718bfb7d635e420aeea9ba38,2650984.0
7101713,2018-06-26T00:29:46.000,libertyblock,43,unlinkauth,,,,,1f4836d183bdfa780e67c9f1c6252be623ffecfaf09534391d786155c1389d98,2651442.0
7101730,2018-06-26T00:29:50.500,libertyblock,44,linkauth,,,,,26a0ed6e87a3d696bf5c138847e90c357132bfa529932b93786ae88f56515ffb,2651451.0
7121632,2018-06-26T02:35:14.000,eosliquideos,12,claimrewards,,,,,d83a58988f04786d902954fdb1e23c52a761614193e78b9f6a7b9193826c218a,2666497.0
7121643,2018-06-26T02:35:14.000,eosliquideos,594,transfer,eosio.bpay,eosliquideos,354.7729,producer block pay,d83a58988f04786d902954fdb1e23c52a761614193e78b9f6a7b9193826c218a,2666497.0
7121646,2018-06-26T02:35:14.000,eosliquideos,1491,transfer,eosio.vpay,eosliquideos,630.9265,producer vote pay,d83a58988f04786d902954fdb1e23c52a761614193e78b9f6a7b9193826c218a,2666497.0
7126270,2018-06-26T03:01:02.000,sheos21sheos,65,claimrewards,,,,,3ce28c1bfbdfbcd9452dcb51c1fa607d08376e89f3155f8da17de69f9903d46b,2669593.0
7126281,2018-06-26T03:01:02.000,sheos21sheos,1503,transfer,eosio.vpay,sheos21sheos,350.9466,producer vote pay,3ce28c1bfbdfbcd9452dcb51c1fa607d08376e89f3155f8da17de69f9903d46b,2669593.0
7129276,2018-06-26T03:21:02.500,bp2bp2bp2bp2,16,claimrewards,,,,,9a87f46c9760656ee9aa0bbbb04a80595e07046cffef11f16eb487c9ce7ae188,2671994.0
7129287,2018-06-26T03:21:02.500,bp2bp2bp2bp2,1509,transfer,eosio.vpay,bp2bp2bp2bp2,140.0267,producer vote pay,9a87f46c9760656ee9aa0bbbb04a80595e07046cffef11f16eb487c9ce7ae188,2671994.0
7135923,2018-06-26T04:02:41.000,sheos21sheos,66,transfer,sheos21sheos,hippopotamus,-35.0946,,c9df1aca9d93528b3e480767e7e4802966b3ea84529c6f58517bd3fc4da669d7,2676991.0
7136053,2018-06-26T04:03:22.500,sheos21sheos,69,transfer,sheos21sheos,sheosgoddess,-315.8519,,ad2715471454b2d5ee279c172311b8579d5d6fe0ca2701f5635966751119a186,2677074.0
7272959,2018-06-26T14:04:02.000,libertyblock,45,claimrewards,,,,,193c3ed3d9f06325968da3d09ddaa695cacd9dcbdf92967e71847d5b3b7cb66a,2749131.0
7272970,2018-06-26T14:04:02.000,libertyblock,1590,transfer,eosio.vpay,libertyblock,409.2597,producer vote pay,193c3ed3d9f06325968da3d09ddaa695cacd9dcbdf92967e71847d5b3b7cb66a,2749131.0
7323708,2018-06-26T17:15:02.500,eosfishrocks,23,claimrewards,,,,,9eb259c5fb854c06eb87ce388f96871d5e989a4a529aa09d95a4c14431511679,2772051.0
7323719,2018-06-26T17:15:02.500,eosfishrocks,1620,transfer,eosio.vpay,eosfishrocks,192.2641,producer vote pay,9eb259c5fb854c06eb87ce388f96871d5e989a4a529aa09d95a4c14431511679,2772051.0
7344772,2018-06-26T19:14:30.500,libertyblock,46,regproducer,,,,,e54bd4d18f453b83b265aa4295c61d50799825b8490241f5f4055b7c80609e8a,2786375.0
7577338,2018-06-27T03:02:01.500,sheos21sheos,72,claimrewards,,,,,45e1145c6ad45051ba92db0b59ee6b48afbd6c3e3fede379fa52eb89f91f9353,2842439.0
7577349,2018-06-27T03:02:01.500,sheos21sheos,1677,transfer,eosio.vpay,sheos21sheos,369.6558,producer vote pay,45e1145c6ad45051ba92db0b59ee6b48afbd6c3e3fede379fa52eb89f91f9353,2842439.0
7581915,2018-06-27T03:22:02.000,bp2bp2bp2bp2,17,claimrewards,,,,,ba815c1070142e7ac8b4b05f1ac3131dd742f9164b6349369e5c09785a7833b9,2844840.0
7581926,2018-06-27T03:22:02.000,bp2bp2bp2bp2,1680,transfer,eosio.vpay,bp2bp2bp2bp2,161.7497,producer vote pay,ba815c1070142e7ac8b4b05f1ac3131dd742f9164b6349369e5c09785a7833b9,2844840.0
7626831,2018-06-27T06:56:12.000,eosliquideos,13,claimrewards,,,,,bb63a5040c32f313e6a3bc12a621266ae369a76d08b9948e691c8d67fe73c7bc,2870520.0
7626842,2018-06-27T06:56:12.000,eosliquideos,681,transfer,eosio.bpay,eosliquideos,377.7489,producer block pay,bb63a5040c32f313e6a3bc12a621266ae369a76d08b9948e691c8d67fe73c7bc,2870520.0
7626845,2018-06-27T06:56:12.000,eosliquideos,1716,transfer,eosio.vpay,eosliquideos,504.4589,producer vote pay,bb63a5040c32f313e6a3bc12a621266ae369a76d08b9948e691c8d67fe73c7bc,2870520.0
7818580,2018-06-27T14:05:02.500,libertyblock,47,claimrewards,,,,,6369c5bd0b0923622df53dab43afe64036278089b699068bacf887fef9e07bdd,2921967.0
7818591,2018-06-27T14:05:02.500,libertyblock,1767,transfer,eosio.vpay,libertyblock,418.2784,producer vote pay,6369c5bd0b0923622df53dab43afe64036278089b699068bacf887fef9e07bdd,2921967.0
7951859,2018-06-27T15:10:53.500,libertyblock,48,sellram,,,,,0ba28a7f1c01314b520d6307f2f930f9001e7db26f51740bd4b6fe1552650e72,2929815.0
7951860,2018-06-27T15:10:53.500,libertyblock,20937,transfer,eosio.ram,libertyblock,790.331,sell ram,0ba28a7f1c01314b520d6307f2f930f9001e7db26f51740bd4b6fe1552650e72,2929815.0
7951863,2018-06-27T15:10:53.500,libertyblock,49,transfer,libertyblock,eosio.ramfee,-3.9516,sell ram fee,0ba28a7f1c01314b520d6307f2f930f9001e7db26f51740bd4b6fe1552650e72,2929815.0
7951968,2018-06-27T15:11:17.500,libertyblock,52,sellram,,,,,d889fa5fee571c9b575d8ee5f42c763da2915784112028e77bc363717df2a1b6,2929863.0
7951969,2018-06-27T15:11:17.500,libertyblock,20949,transfer,eosio.ram,libertyblock,2689.8053,sell ram,d889fa5fee571c9b575d8ee5f42c763da2915784112028e77bc363717df2a1b6,2929863.0
7951972,2018-06-27T15:11:17.500,libertyblock,53,transfer,libertyblock,eosio.ramfee,-13.449,sell ram fee,d889fa5fee571c9b575d8ee5f42c763da2915784112028e77bc363717df2a1b6,2929863.0
7956239,2018-06-27T15:12:18.500,libertyblock,56,sellram,,,,,68d4ce98d1a05bf6f0c2217a91c5af54282838b69d66a3bda080adb62ec672d9,2929985.0
7956240,2018-06-27T15:12:18.500,libertyblock,20988,transfer,eosio.ram,libertyblock,124.0801,sell ram,68d4ce98d1a05bf6f0c2217a91c5af54282838b69d66a3bda080adb62ec672d9,2929985.0
7956243,2018-06-27T15:12:18.500,libertyblock,57,transfer,libertyblock,eosio.ramfee,-0.6204,sell ram fee,68d4ce98d1a05bf6f0c2217a91c5af54282838b69d66a3bda080adb62ec672d9,2929985.0
8051276,2018-06-27T17:16:02.000,eosfishrocks,24,claimrewards,,,,,fc0c18ae1387188b3c5e69d117f3910ad2b18b69d5185ddd96cdaf8caff72595,2944799.0
8051287,2018-06-27T17:16:02.000,eosfishrocks,1794,transfer,eosio.vpay,eosfishrocks,247.7279,producer vote pay,fc0c18ae1387188b3c5e69d117f3910ad2b18b69d5185ddd96cdaf8caff72595,2944799.0
8226904,2018-06-28T03:02:06.000,sheos21sheos,73,claimrewards,,,,,f16df3b11052ab220d632f4224f437052f133a159e68a8a946ca142945ae2c8b,3015072.0
8226915,2018-06-28T03:02:06.000,sheos21sheos,1851,transfer,eosio.vpay,sheos21sheos,363.3448,producer vote pay,f16df3b11052ab220d632f4224f437052f133a159e68a8a946ca142945ae2c8b,3015072.0
8232519,2018-06-28T03:22:05.000,bp2bp2bp2bp2,18,claimrewards,,,,,dacc257815472ebc0c7cb926b41023d447a931dedd9b7bd39401ea8ef0030774,3017470.0
8232530,2018-06-28T03:22:05.000,bp2bp2bp2bp2,1854,transfer,eosio.vpay,bp2bp2bp2bp2,158.2268,producer vote pay,dacc257815472ebc0c7cb926b41023d447a931dedd9b7bd39401ea8ef0030774,3017470.0
8339230,2018-06-28T07:29:40.000,eosliquideos,14,claimrewards,,,,,88fe371188a391eae8f39f8f4784c85b9bbaba473074cad2d48aa5f904820d63,3047163.0
8339241,2018-06-28T07:29:40.000,eosliquideos,750,transfer,eosio.bpay,eosliquideos,327.5573,producer block pay,88fe371188a391eae8f39f8f4784c85b9bbaba473074cad2d48aa5f904820d63,3047163.0
8339244,2018-06-28T07:29:40.000,eosliquideos,1902,transfer,eosio.vpay,eosliquideos,506.1368,producer vote pay,88fe371188a391eae8f39f8f4784c85b9bbaba473074cad2d48aa5f904820d63,3047163.0
8474158,2018-06-28T14:06:01.500,libertyblock,60,claimrewards,,,,,b0bc96a6a357774e456ecc02a2f8d8458d5f07d44b1845acb990efd75e47e75f,3094699.0
8474169,2018-06-28T14:06:01.500,libertyblock,1941,transfer,eosio.vpay,libertyblock,402.1925,producer vote pay,b0bc96a6a357774e456ecc02a2f8d8458d5f07d44b1845acb990efd75e47e75f,3094699.0
8529709,2018-06-28T17:17:02.000,eosfishrocks,25,claimrewards,,,,,3da3795ae5083b0d888ed445304655f693ffda29ff1b9b84e021818003df4e63,3117605.0
8529720,2018-06-28T17:17:02.000,eosfishrocks,1992,transfer,eosio.vpay,eosfishrocks,232.4934,producer vote pay,3da3795ae5083b0d888ed445304655f693ffda29ff1b9b84e021818003df4e63,3117605.0
8791823,2018-06-29T03:02:09.500,sheos21sheos,74,claimrewards,,,,,ae9d9972ec2fdfa4a241229073d26d538146dc2b04c18f95d9472fa9fef15060,3187661.0
8791834,2018-06-29T03:02:09.500,sheos21sheos,2046,transfer,eosio.vpay,sheos21sheos,266.8812,producer vote pay,ae9d9972ec2fdfa4a241229073d26d538146dc2b04c18f95d9472fa9fef15060,3187661.0
8797970,2018-06-29T03:10:18.000,sheos21sheos,75,transfer,sheos21sheos,hippopotamus,-99.9881,,c6d589f4aa1a31abcc0460e40d380fa5c716aab60f58a958c901435831b3bd55,3188638.0
8798449,2018-06-29T03:12:10.000,sheos21sheos,78,transfer,sheos21sheos,sheosgoddess,-900.0,,8ed21baf76e9c70ad642b969fe80a18a021d7bfe086b13d475f08e8f14e27a7e,3188862.0
8800925,2018-06-29T03:22:07.500,bp2bp2bp2bp2,19,claimrewards,,,,,a5fabdf21775e00a79ce9753e5dd01ccd44c7d9de2746f1b567347d9c6397fc1,3190057.0
8800936,2018-06-29T03:22:07.500,bp2bp2bp2bp2,2049,transfer,eosio.vpay,bp2bp2bp2bp2,115.6169,producer vote pay,a5fabdf21775e00a79ce9753e5dd01ccd44c7d9de2746f1b567347d9c6397fc1,3190057.0
8870050,2018-06-29T07:58:48.500,eosliquideos,15,claimrewards,,,,,fd40d23db0290c10a809347b588931f310de99a93270c6ee804434f880eb715f,3223257.0
8870061,2018-06-29T07:58:48.500,eosliquideos,822,transfer,eosio.bpay,eosliquideos,325.8143,producer block pay,fd40d23db0290c10a809347b588931f310de99a93270c6ee804434f880eb715f,3223257.0
8870064,2018-06-29T07:58:48.500,eosliquideos,2091,transfer,eosio.vpay,eosliquideos,542.8323,producer vote pay,fd40d23db0290c10a809347b588931f310de99a93270c6ee804434f880eb715f,3223257.0
8946958,2018-06-29T14:06:02.000,libertyblock,61,claimrewards,,,,,22d8bcc1cf5d7114faa88dbffb512cae43d280d50fe1ec0f90253a5e3d25f95a,3267320.0
8946969,2018-06-29T14:06:02.000,libertyblock,831,transfer,eosio.bpay,libertyblock,0.4666,producer block pay,22d8bcc1cf5d7114faa88dbffb512cae43d280d50fe1ec0f90253a5e3d25f95a,3267320.0
8946972,2018-06-29T14:06:02.000,libertyblock,2130,transfer,eosio.vpay,libertyblock,482.4683,producer vote pay,22d8bcc1cf5d7114faa88dbffb512cae43d280d50fe1ec0f90253a5e3d25f95a,3267320.0
9013574,2018-06-29T17:18:02.500,eosfishrocks,26,claimrewards,,,,,a792dda67dd135f42b062a3508ed6ff7462808897a5e4b29f2f577258534df36,3290348.0
9013585,2018-06-29T17:18:02.500,eosfishrocks,2154,transfer,eosio.vpay,eosfishrocks,187.3647,producer vote pay,a792dda67dd135f42b062a3508ed6ff7462808897a5e4b29f2f577258534df36,3290348.0
9111602,2018-06-29T20:28:58.000,eosfishrocks,27,transfer,eosfishrocks,binancecleos,-132.3357,100162753,6f217c5132956298a68fc529158089762a709583932802ead1cb985fe9d79799,3313247.0
9112659,2018-06-29T20:31:01.000,eosfishrocks,30,transfer,eosfishrocks,binancecleos,-2035.2443,100162753,bf2061e16cf582a4102571de6f538cebe8ea352657c1172a6665c0b92faf1416,3313493.0
9499526,2018-06-30T03:02:12.000,sheos21sheos,81,claimrewards,,,,,5fb0bbbf20a1ba462955ffb80df4f03a9e962b17ba791b1e38f8757048d9037f,3360407.0
9499537,2018-06-30T03:02:12.000,sheos21sheos,2196,transfer,eosio.vpay,sheos21sheos,289.6126,producer vote pay,5fb0bbbf20a1ba462955ffb80df4f03a9e962b17ba791b1e38f8757048d9037f,3360407.0
9557662,2018-06-30T03:22:09.500,bp2bp2bp2bp2,20,claimrewards,,,,,2379f9c0d74341efef391a488e70bd4249df0ec8c6d74e83e364b82d94656eb8,3362795.0
9557673,2018-06-30T03:22:09.500,bp2bp2bp2bp2,2202,transfer,eosio.vpay,bp2bp2bp2bp2,120.4349,producer vote pay,2379f9c0d74341efef391a488e70bd4249df0ec8c6d74e83e364b82d94656eb8,3362795.0
9831826,2018-06-30T08:57:29.500,eosliquideos,16,claimrewards,,,,,db69df350f66de1874b98e8dee6d08c683d241b97fa1e19d7405cd64e4506928,3402994.0
9831837,2018-06-30T08:57:29.500,eosliquideos,876,transfer,eosio.bpay,eosliquideos,333.1809,producer block pay,db69df350f66de1874b98e8dee6d08c683d241b97fa1e19d7405cd64e4506928,3402994.0
9831840,2018-06-30T08:57:29.500,eosliquideos,2253,transfer,eosio.vpay,eosliquideos,564.7557,producer vote pay,db69df350f66de1874b98e8dee6d08c683d241b97fa1e19d7405cd64e4506928,3402994.0
9885039,2018-06-30T14:07:02.000,libertyblock,62,claimrewards,,,,,ae1a24c738c3f66a7ef9270a1d526385cb3630cd423f83886b9158fcfdfdb9ad,3440136.0
9885050,2018-06-30T14:07:02.000,libertyblock,2283,transfer,eosio.vpay,libertyblock,491.8286,producer vote pay,ae1a24c738c3f66a7ef9270a1d526385cb3630cd423f83886b9158fcfdfdb9ad,3440136.0
9923923,2018-06-30T17:19:01.500,eosfishrocks,33,claimrewards,,,,,77936246e56738bffc3077aff77d16342bc74de1ed3944fb9a7f145850d99517,3462812.0
9923934,2018-06-30T17:19:01.500,eosfishrocks,2301,transfer,eosio.vpay,eosfishrocks,288.0087,producer vote pay,77936246e56738bffc3077aff77d16342bc74de1ed3944fb9a7f145850d99517,3462812.0
9968110,2018-06-30T22:10:50.500,eosliquideos,17,approve,,,,,1bf3ddd8e51db157ed14df312633eb15322b2c53bf87c27f445b9d004b240185,3497821.0
10032386,2018-07-01T03:02:14.500,sheos21sheos,82,claimrewards,,,,,06dc840a2b04c711edf33890386d8b05f6709cd088c7b2d736e1b18c899e1bf7,3532778.0
10032397,2018-07-01T03:02:14.500,sheos21sheos,2355,transfer,eosio.vpay,sheos21sheos,304.3676,producer vote pay,06dc840a2b04c711edf33890386d8b05f6709cd088c7b2d736e1b18c899e1bf7,3532778.0
10037372,2018-07-01T03:22:11.500,bp2bp2bp2bp2,21,claimrewards,,,,,b593cacc0bb017d51cfdda584a0d12bbeb2460be94dbaf1051a1341029511270,3535167.0
10037383,2018-07-01T03:22:11.500,bp2bp2bp2bp2,2361,transfer,eosio.vpay,bp2bp2bp2bp2,116.922,producer vote pay,b593cacc0bb017d51cfdda584a0d12bbeb2460be94dbaf1051a1341029511270,3535167.0
10279354,2018-07-01T14:08:02.000,libertyblock,63,claimrewards,,,,,03a2557569bd0fa316adb9abfce23ddf85f2079a4b9709f4b984f9111e2a9fe5,3612618.0
10279365,2018-07-01T14:08:02.000,libertyblock,2442,transfer,eosio.vpay,libertyblock,477.0288,producer vote pay,03a2557569bd0fa316adb9abfce23ddf85f2079a4b9709f4b984f9111e2a9fe5,3612618.0
10325957,2018-07-01T17:20:02.500,eosfishrocks,34,claimrewards,,,,,b71abe73f0b4bb0b6ca7c45cccc973200f78403967b953832b2395343216fea9,3635655.0
10325968,2018-07-01T17:20:02.500,eosfishrocks,2457,transfer,eosio.vpay,eosfishrocks,298.3187,producer vote pay,b71abe73f0b4bb0b6ca7c45cccc973200f78403967b953832b2395343216fea9,3635655.0
10342466,2018-07-01T18:26:04.000,eosliquideos,18,claimrewards,,,,,fb1a9dc464b60ad82266d1a66464b5e14a4b29e751a00300d4e3e74a45f50900,3643553.0
10342477,2018-07-01T18:26:04.000,eosliquideos,948,transfer,eosio.bpay,eosliquideos,446.4788,producer block pay,fb1a9dc464b60ad82266d1a66464b5e14a4b29e751a00300d4e3e74a45f50900,3643553.0
10342480,2018-07-01T18:26:04.000,eosliquideos,2466,transfer,eosio.vpay,eosliquideos,575.8688,producer vote pay,fb1a9dc464b60ad82266d1a66464b5e14a4b29e751a00300d4e3e74a45f50900,3643553.0
10890851,2018-07-01T23:50:19.000,sheos21sheos,83,transfer,sheos21sheos,hippopotamus,-59.398,,caf83da7681adc6e9d72a1ac8874d6e5bafab90383f7fbd6576a32d27f0f92e1,3682395.0
10891031,2018-07-01T23:51:26.500,sheos21sheos,86,transfer,sheos21sheos,sheosgoddess,-535.0,,411bb737a4827b590246bb9f3e3e8aeb706dfd51cf55325f565faeb771ad5c01,3682530.0
11007697,2018-07-02T03:02:17.500,sheos21sheos,89,claimrewards,,,,,366f9f35efca341745d63cf0a19fc535eac31ac9c948494d3035bd7717c8a349,3705421.0
11007708,2018-07-02T03:02:17.500,sheos21sheos,2517,transfer,eosio.vpay,sheos21sheos,279.7402,producer vote pay,366f9f35efca341745d63cf0a19fc535eac31ac9c948494d3035bd7717c8a349,3705421.0
11014448,2018-07-02T03:22:14.000,bp2bp2bp2bp2,22,claimrewards,,,,,03bbcd86858511abafba785572c169c99acdd45dbe392bd56f8006d18833b242,3707810.0
11014459,2018-07-02T03:22:14.000,bp2bp2bp2bp2,2520,transfer,eosio.vpay,bp2bp2bp2bp2,102.2713,producer vote pay,03bbcd86858511abafba785572c169c99acdd45dbe392bd56f8006d18833b242,3707810.0
11262446,2018-07-02T14:09:01.500,libertyblock,64,claimrewards,,,,,b719f41a9e91d6ade0da835119633d5bcf220e3df1311b44bb81338f5827b72d,3785357.0
11262457,2018-07-02T14:09:01.500,libertyblock,2601,transfer,eosio.vpay,libertyblock,477.5239,producer vote pay,b719f41a9e91d6ade0da835119633d5bcf220e3df1311b44bb81338f5827b72d,3785357.0
11349564,2018-07-02T17:21:02.500,eosfishrocks,35,claimrewards,,,,,216eb4c36329e2270c5d4253de86752c1ecf97eee2c0e6da8bf8d15a445ba55d,3808393.0
11349575,2018-07-02T17:21:02.500,eosfishrocks,2628,transfer,eosio.vpay,eosfishrocks,301.3824,producer vote pay,216eb4c36329e2270c5d4253de86752c1ecf97eee2c0e6da8bf8d15a445ba55d,3808393.0
11486752,2018-07-03T01:14:38.500,eosliquideos,19,claimrewards,,,,,2c76297bfa81c836c6365f92c6f9d671f12dbe7c9d02c2f9993ca88152a3059c,3865173.0
11486763,2018-07-03T01:14:38.500,eosliquideos,1023,transfer,eosio.bpay,eosliquideos,410.7887,producer block pay,2c76297bfa81c836c6365f92c6f9d671f12dbe7c9d02c2f9993ca88152a3059c,3865173.0
11486766,2018-07-03T01:14:38.500,eosliquideos,2670,transfer,eosio.vpay,eosliquideos,591.1371,producer vote pay,2c76297bfa81c836c6365f92c6f9d671f12dbe7c9d02c2f9993ca88152a3059c,3865173.0
11518103,2018-07-03T02:08:13.500,eosliquideos,20,updateauth,,,,,4ebf18f713cf0cf7de048e8f20efd213bf5faaa5d646e5a75d82793e248978cf,3871599.0
11518662,2018-07-03T02:09:31.000,eosliquideos,21,linkauth,,,,,f91388392848bb61e3840bfa39e5e5a9e1b1ff611cc65f3240264717afa6ec09,3871754.0
11616914,2018-07-03T03:02:19.500,sheos21sheos,90,claimrewards,,,,,8a11a2173e589e6ccdb35367f242f90228b6505e654a45c6c9990572fa3b8043,3878077.0
11616925,2018-07-03T03:02:19.500,sheos21sheos,2682,transfer,eosio.vpay,sheos21sheos,281.2151,producer vote pay,8a11a2173e589e6ccdb35367f242f90228b6505e654a45c6c9990572fa3b8043,3878077.0
11625746,2018-07-03T03:22:16.500,bp2bp2bp2bp2,23,claimrewards,,,,,10bb543ed2eee6312e05ce0af4f26033881aa97458aeef79ccfb35329d6cab8b,3880468.0
11743273,2018-07-03T07:55:11.000,sheos21sheos,91,transfer,sheos21sheos,hippopotamus,-56.0955,,3851436d233c2cb38650d59aa515f1f3939d0442513c32905ef4e4c2866e76ed,3913196.0
11743589,2018-07-03T07:55:43.000,sheos21sheos,94,transfer,sheos21sheos,sheosgoddess,-505.0,,d092d7d3020c315dfef8801fc0a98acb21a074fd1f6f9b0afefdc6131356314d,3913260.0
11966872,2018-07-03T14:10:01.500,libertyblock,65,claimrewards,,,,,23221bf9993242cb8c93fdb8156581e6b0509d44c9a3b9721855369a8cf3c890,3958004.0
11966883,2018-07-03T14:10:01.500,libertyblock,1062,transfer,eosio.bpay,libertyblock,49.0903,producer block pay,23221bf9993242cb8c93fdb8156581e6b0509d44c9a3b9721855369a8cf3c890,3958004.0
11966886,2018-07-03T14:10:01.500,libertyblock,2769,transfer,eosio.vpay,libertyblock,615.2391,producer vote pay,23221bf9993242cb8c93fdb8156581e6b0509d44c9a3b9721855369a8cf3c890,3958004.0
12051525,2018-07-03T17:22:02.000,eosfishrocks,36,claimrewards,,,,,5fc2f65de2da708f07ad95911128ba48740fec6f69426cca9c3526c72cf8039f,3980955.0
12051536,2018-07-03T17:22:02.000,eosfishrocks,2796,transfer,eosio.vpay,eosfishrocks,282.4251,producer vote pay,5fc2f65de2da708f07ad95911128ba48740fec6f69426cca9c3526c72cf8039f,3980955.0
12108725,2018-07-03T21:39:24.000,eosfishrocks,37,newaccount,,,,,1f56d40d290e5803a24b5a6ce2ad09ec671a54861ec945470a3b43789ae0de38,4011772.0
12108727,2018-07-03T21:39:24.000,eosfishrocks,39,transfer,eosfishrocks,eosio.ram,-5.7454,buy ram,1f56d40d290e5803a24b5a6ce2ad09ec671a54861ec945470a3b43789ae0de38,4011772.0
12108730,2018-07-03T21:39:24.000,eosfishrocks,42,transfer,eosfishrocks,eosio.ramfee,-0.0289,ram fee,1f56d40d290e5803a24b5a6ce2ad09ec671a54861ec945470a3b43789ae0de38,4011772.0
12108734,2018-07-03T21:39:24.000,eosfishrocks,46,transfer,eosfishrocks,eosio.stake,-8.0,stake bandwidth,1f56d40d290e5803a24b5a6ce2ad09ec671a54861ec945470a3b43789ae0de38,4011772.0
12167431,2018-07-04T01:14:42.000,eosliquideos,22,claimrewards,,,,,5e4733a424321dbfba0230627af983f8393bd2849ce371869c512e2cca4bc7b1,4037605.0
12167442,2018-07-04T01:14:42.000,eosliquideos,1101,transfer,eosio.bpay,eosliquideos,320.608,producer block pay,5e4733a424321dbfba0230627af983f8393bd2849ce371869c512e2cca4bc7b1,4037605.0
12167445,2018-07-04T01:14:42.000,eosliquideos,2844,transfer,eosio.vpay,eosliquideos,595.0131,producer vote pay,5e4733a424321dbfba0230627af983f8393bd2849ce371869c512e2cca4bc7b1,4037605.0
12212274,2018-07-04T03:22:18.500,bp2bp2bp2bp2,24,claimrewards,,,,,8fe2e83dd054c7aaa30c3173a084f56bd3d3805a52ed3612c5094a760745afd2,4052916.0
12551147,2018-07-04T14:11:02.000,libertyblock,66,claimrewards,,,,,9065e8cb310b64d06e973faa912abb4ee9a57fb2904027044daa014b89d60be7,4130713.0
12551158,2018-07-04T14:11:02.000,libertyblock,1146,transfer,eosio.bpay,libertyblock,320.451,producer block pay,9065e8cb310b64d06e973faa912abb4ee9a57fb2904027044daa014b89d60be7,4130713.0
12551161,2018-07-04T14:11:02.000,libertyblock,2943,transfer,eosio.vpay,libertyblock,594.3233,producer vote pay,9065e8cb310b64d06e973faa912abb4ee9a57fb2904027044daa014b89d60be7,4130713.0
12614853,2018-07-04T17:23:02.000,eosfishrocks,49,claimrewards,,,,,cfb7258906745768d4a5f94bed2be611a0c1184af23578438c3130ee5bc29172,4153749.0
12614864,2018-07-04T17:23:02.000,eosfishrocks,2970,transfer,eosio.vpay,eosfishrocks,264.6801,producer vote pay,cfb7258906745768d4a5f94bed2be611a0c1184af23578438c3130ee5bc29172,4153749.0
12908675,2018-07-05T06:40:36.000,sheos21sheos,97,claimrewards,,,,,2077acfe870342adee52a38a313192418e8587bab79c96e0716dcf37f6b33a4d,4249395.0
12908686,2018-07-05T06:40:36.000,sheos21sheos,3030,transfer,eosio.vpay,sheos21sheos,278.978,producer vote pay,2077acfe870342adee52a38a313192418e8587bab79c96e0716dcf37f6b33a4d,4249395.0
12908978,2018-07-05T06:41:04.500,bp2bp2bp2bp2,25,claimrewards,,,,,2a54ea3c2e0e0107a0c1dc60538511a2f951f8d14ecd143a2e144829f8990e74,4249451.0
12910262,2018-07-05T06:43:44.000,sheos21sheos,98,transfer,sheos21sheos,hippopotamus,-27.8798,,d2543365c76550e7dcc9d0d23f23db37b03bd83b5afa2dbde428a71954e0890d,4249770.0
12910858,2018-07-05T06:45:17.500,sheos21sheos,101,transfer,sheos21sheos,sheosgoddess,-251.0,,7860fab02f35d66d42484d3bb372c0b2a7984d229f9177f1bc7896df59866ef1,4249957.0
13098562,2018-07-05T12:43:38.000,eosliquideos,23,claimrewards,,,,,c252d706362bb230fb7c460bd5bd17f2d652128b15da28fb019fdffc25e4a74e,4292918.0
13098573,2018-07-05T12:43:38.000,eosliquideos,1200,transfer,eosio.bpay,eosliquideos,472.9718,producer block pay,c252d706362bb230fb7c460bd5bd17f2d652128b15da28fb019fdffc25e4a74e,4292918.0
13098576,2018-07-05T12:43:38.000,eosliquideos,3105,transfer,eosio.vpay,eosliquideos,560.9189,producer vote pay,c252d706362bb230fb7c460bd5bd17f2d652128b15da28fb019fdffc25e4a74e,4292918.0
13125262,2018-07-05T13:29:23.500,libertyblock,67,regproducer,,,,,e34985658fd6c4407775ffa3b7f4bd5e11c9677de2eadb83475e1b128fd6134e,4298409.0
13125821,2018-07-05T13:31:25.000,libertyblock,68,regproducer,,,,,8d4fe2213de350300a9e8d60725f9164d7dcad30151e8fc8be03275fadb4c9aa,4298652.0
13133030,2018-07-05T13:51:27.000,libertyblock,69,regproducer,,,,,efdc91e7d918c53e76af7c674c7ce6c9611a6c405a40108f398d08cd99fafe5c,4301056.0
13141254,2018-07-05T14:12:01.500,libertyblock,70,claimrewards,,,,,848d1b4a586a51330af485ee367799f5dea3b558dd48b4b074443761a9d11e8c,4303525.0
13141265,2018-07-05T14:12:01.500,libertyblock,1209,transfer,eosio.bpay,libertyblock,320.3723,producer block pay,848d1b4a586a51330af485ee367799f5dea3b558dd48b4b074443761a9d11e8c,4303525.0
13141268,2018-07-05T14:12:01.500,libertyblock,3117,transfer,eosio.vpay,libertyblock,592.5214,producer vote pay,848d1b4a586a51330af485ee367799f5dea3b558dd48b4b074443761a9d11e8c,4303525.0
13198868,2018-07-05T17:24:02.000,eosfishrocks,50,claimrewards,,,,,9e154c3a64475f9d3b53c649baed1b1184113555a072f3471c0b1a195fbd0245,4326565.0
13198879,2018-07-05T17:24:02.000,eosfishrocks,3141,transfer,eosio.vpay,eosfishrocks,248.4572,producer vote pay,9e154c3a64475f9d3b53c649baed1b1184113555a072f3471c0b1a195fbd0245,4326565.0
13471560,2018-07-06T06:02:33.000,libertyblock,71,regproducer,,,,,c0e0ccde2cdcb19203452a917423ec8070ba7baf20492bc531a15870476c6c5c,4417576.0
13539100,2018-07-06T06:40:39.500,sheos21sheos,104,claimrewards,,,,,7064940ec35aaae3aee2f4410db803bfc12b2e16e8638c6af21aca017b025f58,4422123.0
13539111,2018-07-06T06:40:39.500,sheos21sheos,3195,transfer,eosio.vpay,sheos21sheos,278.0417,producer vote pay,7064940ec35aaae3aee2f4410db803bfc12b2e16e8638c6af21aca017b025f58,4422123.0
13540373,2018-07-06T06:41:07.500,bp2bp2bp2bp2,26,claimrewards,,,,,00e5cc0051b9707423420de2550bb67c7e90dcc7db18507068a337e781053fd8,4422179.0
13732260,2018-07-06T14:12:02.000,libertyblock,72,claimrewards,,,,,b53876025cf09f7863eaf492c73a432948680b21c371815aafd1706ddf0ac346,4475946.0
13732271,2018-07-06T14:12:02.000,libertyblock,1257,transfer,eosio.bpay,libertyblock,320.0354,producer block pay,b53876025cf09f7863eaf492c73a432948680b21c371815aafd1706ddf0ac346,4475946.0
13732274,2018-07-06T14:12:02.000,libertyblock,3270,transfer,eosio.vpay,libertyblock,649.1588,producer vote pay,b53876025cf09f7863eaf492c73a432948680b21c371815aafd1706ddf0ac346,4475946.0
13763648,2018-07-06T16:05:01.000,eosliquideos,24,claimrewards,,,,,d73c33a0c64655cd9b2e7cc0695a6a8458b12a8ea37756f070b2fc01e4e7d9a2,4489503.0
13763659,2018-07-06T16:05:01.000,eosliquideos,1269,transfer,eosio.bpay,eosliquideos,365.7861,producer block pay,d73c33a0c64655cd9b2e7cc0695a6a8458b12a8ea37756f070b2fc01e4e7d9a2,4489503.0
13763662,2018-07-06T16:05:01.000,eosliquideos,3288,transfer,eosio.vpay,eosliquideos,576.0717,producer vote pay,d73c33a0c64655cd9b2e7cc0695a6a8458b12a8ea37756f070b2fc01e4e7d9a2,4489503.0
13797109,2018-07-06T17:25:02.000,eosfishrocks,51,claimrewards,,,,,2495077e8cb1d979009e093f4626d9bc3d32720d34bd7f1be63123d0d3f478b9,4499104.0
13797120,2018-07-06T17:25:02.000,eosfishrocks,3309,transfer,eosio.vpay,eosfishrocks,233.8555,producer vote pay,2495077e8cb1d979009e093f4626d9bc3d32720d34bd7f1be63123d0d3f478b9,4499104.0
13801949,2018-07-06T17:40:30.500,eosfishrocks,52,transfer,eosfishrocks,binancecleos,-1205.8,100162753,af67b53979dcbb0b1710f2abb3caf794f953980910692c47597ec7cdf46e2dc9,4500961.0
14085391,2018-07-07T06:40:42.000,sheos21sheos,105,claimrewards,,,,,2007de8beff9ede7ea35c290db31abf369a6da846ab50716afef3f01fb7a577c,4594555.0
14085402,2018-07-07T06:40:42.000,sheos21sheos,3360,transfer,eosio.vpay,sheos21sheos,280.7377,producer vote pay,2007de8beff9ede7ea35c290db31abf369a6da846ab50716afef3f01fb7a577c,4594555.0
14086435,2018-07-07T06:41:09.500,bp2bp2bp2bp2,27,claimrewards,,,,,078600f27fb5f5cba93fd98dbfb73fcf336d161de721900d7284befc04f8ef0f,4594610.0
14246995,2018-07-07T17:26:02.000,eosfishrocks,55,claimrewards,,,,,30d91a84417bbe01a9a0c6ffef4bb4690b03d7543c0965c5df5f24a61f128b37,4669639.0
14247006,2018-07-07T17:26:02.000,eosfishrocks,3474,transfer,eosio.vpay,eosfishrocks,255.2136,producer vote pay,30d91a84417bbe01a9a0c6ffef4bb4690b03d7543c0965c5df5f24a61f128b37,4669639.0
14283985,2018-07-07T19:31:16.000,eosliquideos,25,claimrewards,,,,,9372564b81033853a9e7e900e9e139a63bc8a8b6cc6e56d5969986594127ac62,4684667.0
14283996,2018-07-07T19:31:16.000,eosliquideos,1341,transfer,eosio.bpay,eosliquideos,370.3598,producer block pay,9372564b81033853a9e7e900e9e139a63bc8a8b6cc6e56d5969986594127ac62,4684667.0
14283999,2018-07-07T19:31:16.000,eosliquideos,3486,transfer,eosio.vpay,eosliquideos,557.4831,producer vote pay,9372564b81033853a9e7e900e9e139a63bc8a8b6cc6e56d5969986594127ac62,4684667.0
14544571,2018-07-08T03:21:36.500,libertyblock,73,unregprod,,,,,18a511528c1a88bccf5ec8e078293c973d7619df6571bff3b34f5616490ddfca,4739256.0
14544908,2018-07-08T03:23:11.000,libertyblock,74,regproducer,,,,,2d763d90a061da1f65c327730b7d3be80a4834cf4d0835d9ac080e36d30b3b90,4739409.0
14544970,2018-07-08T03:23:28.000,libertyblock,75,unregprod,,,,,25f8bd9c02bbcf220671e30c022502ae8f191f77fab2ce515615c42b0fb8ad98,4739431.0
14545903,2018-07-08T03:28:56.000,eosliquideos,26,unregprod,,,,,b9daa4245ea03041f94c93baf68459b8169b9086537e152be177c4329689569c,4739967.0
14546170,2018-07-08T03:30:32.500,eosliquideos,27,regproducer,,,,,6ff5e8cf4a723eab83821608c8ec6bb9dcdc94e3ce7b1548f9620a3ca01392ed,4740124.0
14546233,2018-07-08T03:30:48.500,eosliquideos,28,unregprod,,,,,f0810bc5cacbdcd0e59ba3b273239012281ef32ca678d0748ce2c9a3cf0ba8c5,4740156.0
14583493,2018-07-08T03:55:18.000,eosliquideos,29,regproducer,,,,,954d26ab86f3939bf696bf1634e1b6d8cde91bbc20f6b3f64774cbef2547e3eb,4742795.0
14623821,2018-07-08T04:35:28.000,libertyblock,76,regproducer,,,,,a4d524995702a8d500205f79b73131b5ea9c665dd45da7c98690e6f7b7ab0e0f,4747470.0
14623983,2018-07-08T04:35:31.500,libertyblock,77,claimrewards,,,,,1b58a15f4a0255a17339ef07fb6e9dbb330dde139fb500d55bd59bbf9e7fdc24,4747477.0
14623994,2018-07-08T04:35:31.500,libertyblock,1353,transfer,eosio.bpay,libertyblock,492.3692,producer block pay,1b58a15f4a0255a17339ef07fb6e9dbb330dde139fb500d55bd59bbf9e7fdc24,4747477.0
14623997,2018-07-08T04:35:31.500,libertyblock,3522,transfer,eosio.vpay,libertyblock,677.6875,producer vote pay,1b58a15f4a0255a17339ef07fb6e9dbb330dde139fb500d55bd59bbf9e7fdc24,4747477.0
14625062,2018-07-08T04:35:58.000,libertyblock,78,unregprod,,,,,e7669c927b0d7449bf954f9be4915059c0293007760c45b6474ac9258e2783f8,4747530.0
14668700,2018-07-08T05:14:07.500,libertyblock,79,regproducer,,,,,d469f919ebc16168514f52d8fd004c5742db699f6b0b150baee01a5c183ee656,4752109.0
14669399,2018-07-08T05:17:38.500,libertyblock,80,unregprod,,,,,a57d8479a25c2a61ee40c6abfae876f73d3f435c955d0f32ff9d8c0d6f872c3e,4752531.0
14679023,2018-07-08T06:08:32.000,libertyblock,81,regproducer,,,,,604e74a9d347563906972e893c00c8d65d35c393b9a8648fa8243a513ff8c876,4758602.0
14685146,2018-07-08T06:40:45.000,sheos21sheos,106,claimrewards,,,,,a259bc706958ff5cfc5a98be9d6ff74e6a7fb1e7391f021f86ce252acb7f14a4,4762443.0
14685157,2018-07-08T06:40:45.000,sheos21sheos,3534,transfer,eosio.vpay,sheos21sheos,263.7317,producer vote pay,a259bc706958ff5cfc5a98be9d6ff74e6a7fb1e7391f021f86ce252acb7f14a4,4762443.0
14685232,2018-07-08T06:41:11.500,bp2bp2bp2bp2,28,claimrewards,,,,,c38b8dd7cf9d52bd1d87ccb3a8ec4ac8d6b72307a6e9fde4d88fb80675ec4b46,4762496.0
14714060,2018-07-08T07:59:14.500,sheos21sheos,107,transfer,sheos21sheos,hippopotamus,-82.2511,,a1dca490f46320df3a68b78c248b29b320c39abf8b099892396e94087899a55d,4771843.0
14714161,2018-07-08T07:59:47.000,sheos21sheos,110,transfer,sheos21sheos,sheosgoddess,-740.0,,5d8e8d6b766c3e6aac3255b256c122fd88530c5312a06f939126ae69e53e9895,4771908.0
14858664,2018-07-08T17:27:02.000,eosfishrocks,56,claimrewards,,,,,eaaae8b244f6916b5e310071d090a8b1e88dabf4af85377ace18f2f3e6a8787b,4839936.0
14858675,2018-07-08T17:27:02.000,eosfishrocks,3633,transfer,eosio.vpay,eosfishrocks,269.4133,producer vote pay,eaaae8b244f6916b5e310071d090a8b1e88dabf4af85377ace18f2f3e6a8787b,4839936.0
14881908,2018-07-08T19:31:24.500,eosliquideos,30,claimrewards,,,,,d2b29cef5512b26607b140b8b955052a1cf79de3d10871c2544390b16f567e42,4854849.0
14881919,2018-07-08T19:31:24.500,eosliquideos,1401,transfer,eosio.bpay,eosliquideos,296.6244,producer block pay,d2b29cef5512b26607b140b8b955052a1cf79de3d10871c2544390b16f567e42,4854849.0
14881922,2018-07-08T19:31:24.500,eosliquideos,3648,transfer,eosio.vpay,eosliquideos,553.8409,producer vote pay,d2b29cef5512b26607b140b8b955052a1cf79de3d10871c2544390b16f567e42,4854849.0
14950254,2018-07-09T00:20:02.500,eosliquideos,31,updateauth,,,,,0c074da288e1724041401b50122e9df192352ef3133a0555b8570f1a6790a746,4889473.0
15037797,2018-07-09T04:00:06.000,eosliquideos,32,regproducer,,,,,06ac9ba13e756406f44f25ccbea2bcad33437b875f572362892b834cc7e270f5,4915856.0
15037997,2018-07-09T04:00:36.500,eosliquideos,33,unregprod,,,,,6d0a41fdd4ef4bd00e7542cfe771d68e1c3e773a480a46cf4b5e526d37cc48ca,4915917.0
15038140,2018-07-09T04:01:00.500,eosliquideos,34,regproducer,,,,,0b7a9aa0fbf5666d71dca158e435a16b9d4dd94247ff3f4949d40b6f56b8eb65,4915965.0
15136059,2018-07-09T05:37:01.500,libertyblock,82,claimrewards,,,,,85e1f4b216a0b21b92183bd30cfb4056cef0fa14df8f204a1cc0e45af6043872,4927486.0
15136070,2018-07-09T05:37:01.500,libertyblock,1419,transfer,eosio.bpay,libertyblock,313.4178,producer block pay,85e1f4b216a0b21b92183bd30cfb4056cef0fa14df8f204a1cc0e45af6043872,4927486.0
15136073,2018-07-09T05:37:01.500,libertyblock,3696,transfer,eosio.vpay,libertyblock,674.2879,producer vote pay,85e1f4b216a0b21b92183bd30cfb4056cef0fa14df8f204a1cc0e45af6043872,4927486.0
15141939,2018-07-09T05:54:49.000,libertyblock,83,regproducer,,,,,aa0485ed2e88c77d612d59097308af2d5a4de368804818a289bf6529b9709a06,4929621.0
15152259,2018-07-09T06:40:48.000,sheos21sheos,113,claimrewards,,,,,c0a5f0521d9cd4554c6e9f82476967e434b39a2904f70821ff755ecd6aa44d54,4935139.0
15152270,2018-07-09T06:40:48.000,sheos21sheos,3702,transfer,eosio.vpay,sheos21sheos,267.1585,producer vote pay,c0a5f0521d9cd4554c6e9f82476967e434b39a2904f70821ff755ecd6aa44d54,4935139.0
15152407,2018-07-09T06:41:14.500,bp2bp2bp2bp2,29,claimrewards,,,,,2ffe6c5badf6af55eeb360a1a9dcfb5eb00eeb94d5226f27d49b489d00f3529c,4935192.0
15161906,2018-07-09T07:27:02.000,sheos21sheos,114,transfer,sheos21sheos,hippopotamus,-26.7159,,e391a5458dc06445ac2b6c06a59b3305bcff77728501c6f209583f678dea9701,4940687.0
15161971,2018-07-09T07:27:27.000,sheos21sheos,117,transfer,sheos21sheos,sheosgoddess,-241.0,,137df563a72be9e961f10717e04daff41d6f3e5bb7eabbd196557c1dc0a3dc0c,4940737.0
15299487,2018-07-09T17:28:02.000,eosfishrocks,57,claimrewards,,,,,04b655b67aadd0febaaf4760620a877b46d2d7d5559041c441ee1c8e691b114c,5012796.0
15299498,2018-07-09T17:28:02.000,eosfishrocks,3804,transfer,eosio.vpay,eosfishrocks,300.6752,producer vote pay,04b655b67aadd0febaaf4760620a877b46d2d7d5559041c441ee1c8e691b114c,5012796.0
15318993,2018-07-09T19:31:39.000,eosliquideos,35,claimrewards,,,,,a3718eb931ac1aa911db7e2ae6f82e913b660613ade3abdc86abbfc3d626e474,5027630.0
15319004,2018-07-09T19:31:39.000,eosliquideos,1464,transfer,eosio.bpay,eosliquideos,319.8397,producer block pay,a3718eb931ac1aa911db7e2ae6f82e913b660613ade3abdc86abbfc3d626e474,5027630.0
15319007,2018-07-09T19:31:39.000,eosliquideos,3816,transfer,eosio.vpay,eosliquideos,547.1801,producer vote pay,a3718eb931ac1aa911db7e2ae6f82e913b660613ade3abdc86abbfc3d626e474,5027630.0
15508359,2018-07-10T05:37:02.000,libertyblock,84,claimrewards,,,,,8f283b9e9eaf9bf6007a62edad966143963c36869fc265c7791abaff924ddd93,5100272.0
15508370,2018-07-10T05:37:02.000,libertyblock,1488,transfer,eosio.bpay,libertyblock,320.1222,producer block pay,8f283b9e9eaf9bf6007a62edad966143963c36869fc265c7791abaff924ddd93,5100272.0
15508373,2018-07-10T05:37:02.000,libertyblock,3879,transfer,eosio.vpay,libertyblock,635.4009,producer vote pay,8f283b9e9eaf9bf6007a62edad966143963c36869fc265c7791abaff924ddd93,5100272.0
15567805,2018-07-10T06:42:34.000,sheos21sheos,120,claimrewards,,,,,3a82a94562495de8a6cf739321f2dfaedda321b99ddb52a11db5cbf39cc206c0,5108136.0
15567816,2018-07-10T06:42:34.000,sheos21sheos,3885,transfer,eosio.vpay,sheos21sheos,251.5366,producer vote pay,3a82a94562495de8a6cf739321f2dfaedda321b99ddb52a11db5cbf39cc206c0,5108136.0
15567834,2018-07-10T06:42:40.000,bp2bp2bp2bp2,30,claimrewards,,,,,95137138bc701fea8f2b775afcceece62fc954f485d5041c4c403eb5c8edb1d0,5108148.0
15568499,2018-07-10T06:46:01.500,sheos21sheos,121,delegatebw,sheos21sheos,,,,e814e91f78ed3f0373f515796678162c89e82a713891e862d82dcb143e2dc007,5108551.0
15568500,2018-07-10T06:46:01.500,sheos21sheos,122,transfer,sheos21sheos,eosio.stake,-0.2,stake bandwidth,e814e91f78ed3f0373f515796678162c89e82a713891e862d82dcb143e2dc007,5108551.0
15568517,2018-07-10T06:46:07.000,sheos21sheos,125,transfer,sheos21sheos,hippopotamus,-25.1537,,8243beffb48f366f32228225fa6fc6e2a5eaf87f75ac26b924a3adc1496d7214,5108562.0
15568585,2018-07-10T06:46:24.500,sheos21sheos,128,transfer,sheos21sheos,sheosgoddess,-226.0,,fde8f94d49decb4c552bf0cb78c74239f1da655aef62c6367e9951a8b2421202,5108597.0
15568766,2018-07-10T06:47:02.000,sheos21sheos,131,delegatebw,sheos21sheos,,,,cf66079ad009b235e8e45bea4c502a3c9bf98afaddd0b93e9b20e6eb75db6aac,5108672.0
15568767,2018-07-10T06:47:02.000,sheos21sheos,132,transfer,sheos21sheos,eosio.stake,-0.1,stake bandwidth,cf66079ad009b235e8e45bea4c502a3c9bf98afaddd0b93e9b20e6eb75db6aac,5108672.0
15568787,2018-07-10T06:47:10.500,sheos21sheos,135,delegatebw,sheos21sheos,,,,de0f3ca7564cd0657d7bfa5a6e69dbd8f3271826d1e515b2e8c487051c908f16,5108689.0
15568788,2018-07-10T06:47:10.500,sheos21sheos,136,transfer,sheos21sheos,eosio.stake,-0.1,stake bandwidth,de0f3ca7564cd0657d7bfa5a6e69dbd8f3271826d1e515b2e8c487051c908f16,5108689.0
15568873,2018-07-10T06:47:40.000,sheos21sheos,139,delegatebw,sheos21sheos,,,,a7bcce624463d0a1d36aef9d77ec22466ef677f9a33be66f3bbcaa56ff06f8cd,5108748.0
15568874,2018-07-10T06:47:40.000,sheos21sheos,140,transfer,sheos21sheos,eosio.stake,-0.0695,stake bandwidth,a7bcce624463d0a1d36aef9d77ec22466ef677f9a33be66f3bbcaa56ff06f8cd,5108748.0
16240349,2018-07-10T17:29:02.000,eosfishrocks,58,claimrewards,,,,,ac0484314326a7890a570066cc30db0553ac23d8c1b940e866a1ae1793a83b51,5185529.0
16240360,2018-07-10T17:29:02.000,eosfishrocks,3972,transfer,eosio.vpay,eosfishrocks,294.749,producer vote pay,ac0484314326a7890a570066cc30db0553ac23d8c1b940e866a1ae1793a83b51,5185529.0
16259492,2018-07-10T19:31:39.500,eosliquideos,36,claimrewards,,,,,077e1d92238ded09aee25d6bba65e566bcf739257ec89097acd7c996e4e49a3d,5200244.0
16259503,2018-07-10T19:31:39.500,eosliquideos,1524,transfer,eosio.bpay,eosliquideos,320.2591,producer block pay,077e1d92238ded09aee25d6bba65e566bcf739257ec89097acd7c996e4e49a3d,5200244.0
16259506,2018-07-10T19:31:39.500,eosliquideos,3984,transfer,eosio.vpay,eosliquideos,568.824,producer vote pay,077e1d92238ded09aee25d6bba65e566bcf739257ec89097acd7c996e4e49a3d,5200244.0
16839560,2018-07-11T05:38:01.500,libertyblock,85,claimrewards,,,,,0f33640df9d780594f9a8947d0bdbbb12315cfa7e50682323dff971b86fb27d3,5272986.0
16839571,2018-07-11T05:38:01.500,libertyblock,1545,transfer,eosio.bpay,libertyblock,320.7199,producer block pay,0f33640df9d780594f9a8947d0bdbbb12315cfa7e50682323dff971b86fb27d3,5272986.0
16839574,2018-07-11T05:38:01.500,libertyblock,4044,transfer,eosio.vpay,libertyblock,650.3982,producer vote pay,0f33640df9d780594f9a8947d0bdbbb12315cfa7e50682323dff971b86fb27d3,5272986.0
16885347,2018-07-11T06:42:36.500,sheos21sheos,143,claimrewards,,,,,57a799a18ebf4a6d7876e9f7cd9bbc6523a447d323748b11495887b7622ffe1f,5280733.0
16885358,2018-07-11T06:42:36.500,sheos21sheos,4053,transfer,eosio.vpay,sheos21sheos,257.8002,producer vote pay,57a799a18ebf4a6d7876e9f7cd9bbc6523a447d323748b11495887b7622ffe1f,5280733.0
16885390,2018-07-11T06:42:42.500,bp2bp2bp2bp2,31,claimrewards,,,,,8b77d72f00d9a753ae25220ebea4ac2f8f25365b24affc64da93f04f301f28ec,5280745.0
17533013,2018-07-11T17:30:02.500,eosfishrocks,59,claimrewards,,,,,66e30453ea7f446aa76b420a439bad8e4db5b2daef670f459315c324a580f56d,5357691.0
17533024,2018-07-11T17:30:02.500,eosfishrocks,4152,transfer,eosio.vpay,eosfishrocks,320.632,producer vote pay,66e30453ea7f446aa76b420a439bad8e4db5b2daef670f459315c324a580f56d,5357691.0
17553308,2018-07-11T19:31:49.500,eosliquideos,37,claimrewards,,,,,f8027480ec81db45350b2fa8a3fed9f90bccb979ff377f70be9c213efc28ad96,5372305.0
17553319,2018-07-11T19:31:49.500,eosliquideos,1587,transfer,eosio.bpay,eosliquideos,320.224,producer block pay,f8027480ec81db45350b2fa8a3fed9f90bccb979ff377f70be9c213efc28ad96,5372305.0
17553322,2018-07-11T19:31:49.500,eosliquideos,4167,transfer,eosio.vpay,eosliquideos,513.7425,producer vote pay,f8027480ec81db45350b2fa8a3fed9f90bccb979ff377f70be9c213efc28ad96,5372305.0
17750876,2018-07-12T05:39:01.500,libertyblock,86,claimrewards,,,,,8b77103c61e79142a910aed301d14de63ec0e6a262a4d2b649d17c874efaeb38,5445164.0
17750887,2018-07-12T05:39:01.500,libertyblock,1611,transfer,eosio.bpay,libertyblock,321.2668,producer block pay,8b77103c61e79142a910aed301d14de63ec0e6a262a4d2b649d17c874efaeb38,5445164.0
17750890,2018-07-12T05:39:01.500,libertyblock,4221,transfer,eosio.vpay,libertyblock,573.585,producer vote pay,8b77103c61e79142a910aed301d14de63ec0e6a262a4d2b649d17c874efaeb38,5445164.0
17971004,2018-07-12T06:42:40.000,sheos21sheos,144,claimrewards,,,,,ee16cb4b281fbc76e1a80151aa4e8bcdea9a14f1d0171a709416cec5d2a50324,5452800.0
17971015,2018-07-12T06:42:40.000,sheos21sheos,4230,transfer,eosio.vpay,sheos21sheos,237.1585,producer vote pay,ee16cb4b281fbc76e1a80151aa4e8bcdea9a14f1d0171a709416cec5d2a50324,5452800.0
17971344,2018-07-12T06:42:45.000,bp2bp2bp2bp2,32,claimrewards,,,,,4fa3e02cd7661aed60ffca747a70ea9fdd3af3657da5492b566d90d5b994276c,5452810.0
18290620,2018-07-12T17:31:01.500,eosfishrocks,60,claimrewards,,,,,1e12b18bd137e48f0cdd3fc45a7b568e4085be19a167a08650df8bfa5a04ce00,5530591.0
18290631,2018-07-12T17:31:01.500,eosfishrocks,4329,transfer,eosio.vpay,eosfishrocks,321.4541,producer vote pay,1e12b18bd137e48f0cdd3fc45a7b568e4085be19a167a08650df8bfa5a04ce00,5530591.0
18319409,2018-07-12T19:32:04.000,eosliquideos,38,claimrewards,,,,,424108f4e77445e219d796e9b304943fd7fb8e3919138dde3cce014190ac2d26,5545116.0
18319420,2018-07-12T19:32:04.000,eosliquideos,1653,transfer,eosio.bpay,eosliquideos,320.5895,producer block pay,424108f4e77445e219d796e9b304943fd7fb8e3919138dde3cce014190ac2d26,5545116.0
18319423,2018-07-12T19:32:04.000,eosliquideos,4341,transfer,eosio.vpay,eosliquideos,485.9328,producer vote pay,424108f4e77445e219d796e9b304943fd7fb8e3919138dde3cce014190ac2d26,5545116.0
18821233,2018-07-13T05:39:02.000,libertyblock,88,claimrewards,,,,,ab32a79df6367c9170d9dac1308a5842329d98550265e71a45e302d4cef46ca9,5617947.0
18821244,2018-07-13T05:39:02.000,libertyblock,1674,transfer,eosio.bpay,libertyblock,320.112,producer block pay,ab32a79df6367c9170d9dac1308a5842329d98550265e71a45e302d4cef46ca9,5617947.0
18821247,2018-07-13T05:39:02.000,libertyblock,4398,transfer,eosio.vpay,libertyblock,570.4192,producer vote pay,ab32a79df6367c9170d9dac1308a5842329d98550265e71a45e302d4cef46ca9,5617947.0
18846052,2018-07-13T06:42:42.500,sheos21sheos,146,claimrewards,,,,,1f6fbe7cc3b3d9d79884ab8433ee363056272d8440c4066c8a861670608173ba,5625584.0
18846063,2018-07-13T06:42:42.500,sheos21sheos,4410,transfer,eosio.vpay,sheos21sheos,232.5318,producer vote pay,1f6fbe7cc3b3d9d79884ab8433ee363056272d8440c4066c8a861670608173ba,5625584.0
18846105,2018-07-13T06:42:47.500,bp2bp2bp2bp2,33,claimrewards,,,,,2d9760e1c5cafae8ed2fdbf4e9f5e9de85812d2dddac8ce08f6f65530d876c27,5625594.0
18916615,2018-07-13T10:05:20.000,sheos21sheos,147,transfer,sheos21sheos,hippopotamus,-72.7491,,a0a9112f541feb311e993891bb53e1923bd5fcc59e1e320bf702c7651fdce525,5649894.0
18916821,2018-07-13T10:06:05.000,sheos21sheos,150,transfer,sheos21sheos,sheosgoddess,-654.0,,354ea225fd141c52a6139f52fb5a7c02359c97b7fdab074d63685f8a6c598795,5649984.0
19905517,2018-07-13T17:32:01.500,eosfishrocks,61,claimrewards,,,,,45ec4882e119046fbe919b6a07272f97241aa574c45c369cd6add5296cc2daee,5703157.0
19905528,2018-07-13T17:32:01.500,eosfishrocks,4506,transfer,eosio.vpay,eosfishrocks,344.3506,producer vote pay,45ec4882e119046fbe919b6a07272f97241aa574c45c369cd6add5296cc2daee,5703157.0
19980489,2018-07-13T19:32:10.000,eosliquideos,39,claimrewards,,,,,57e03869c7140147ec111a24c1c7f45e0e6fa0b7839a7294d9297a5f40296d93,5717561.0
19980500,2018-07-13T19:32:10.000,eosliquideos,1713,transfer,eosio.bpay,eosliquideos,320.7225,producer block pay,57e03869c7140147ec111a24c1c7f45e0e6fa0b7839a7294d9297a5f40296d93,5717561.0
19980503,2018-07-13T19:32:10.000,eosliquideos,4518,transfer,eosio.vpay,eosliquideos,496.8281,producer vote pay,57e03869c7140147ec111a24c1c7f45e0e6fa0b7839a7294d9297a5f40296d93,5717561.0
20870398,2018-07-14T05:40:02.000,libertyblock,89,claimrewards,,,,,8653b9c9fde456e3f5b63354ef9267f0880e933328ad0c4ba7faf3f6e2aaa950,5790149.0
20870409,2018-07-14T05:40:02.000,libertyblock,1734,transfer,eosio.bpay,libertyblock,322.1452,producer block pay,8653b9c9fde456e3f5b63354ef9267f0880e933328ad0c4ba7faf3f6e2aaa950,5790149.0
20870412,2018-07-14T05:40:02.000,libertyblock,4581,transfer,eosio.vpay,libertyblock,562.4086,producer vote pay,8653b9c9fde456e3f5b63354ef9267f0880e933328ad0c4ba7faf3f6e2aaa950,5790149.0
20889226,2018-07-14T06:42:44.500,sheos21sheos,153,claimrewards,,,,,39d20ee3a8106b41165a0bcf365e611f9d9650d8b6d09bf32307a684e7542e84,5797600.0
20889237,2018-07-14T06:42:44.500,sheos21sheos,4590,transfer,eosio.vpay,sheos21sheos,232.3238,producer vote pay,39d20ee3a8106b41165a0bcf365e611f9d9650d8b6d09bf32307a684e7542e84,5797600.0
20889280,2018-07-14T06:42:50.000,bp2bp2bp2bp2,34,claimrewards,,,,,00ea370ed022d424c4d0718a4061ab1d5dfccc9f2e793a6ad1076326657769a8,5797611.0
22468174,2018-07-14T17:33:02.000,eosfishrocks,62,claimrewards,,,,,935227ab8e0a661e6576d6a0fc47ad50d9e2675fa8874337cbe7b5ff1765a2f2,5874259.0
22468185,2018-07-14T17:33:02.000,eosfishrocks,4701,transfer,eosio.vpay,eosfishrocks,341.7733,producer vote pay,935227ab8e0a661e6576d6a0fc47ad50d9e2675fa8874337cbe7b5ff1765a2f2,5874259.0
22489779,2018-07-14T19:32:19.000,eosliquideos,40,claimrewards,,,,,814a72de3b4efc0fcdfefa45c1b1189edb7579eef0fd6b2d3dfe312d84bb6680,5888520.0
22489790,2018-07-14T19:32:19.000,eosliquideos,1767,transfer,eosio.bpay,eosliquideos,324.2082,producer block pay,814a72de3b4efc0fcdfefa45c1b1189edb7579eef0fd6b2d3dfe312d84bb6680,5888520.0
22489793,2018-07-14T19:32:19.000,eosliquideos,4713,transfer,eosio.vpay,eosliquideos,499.3848,producer vote pay,814a72de3b4efc0fcdfefa45c1b1189edb7579eef0fd6b2d3dfe312d84bb6680,5888520.0
22505482,2018-07-14T21:24:07.000,libertyblock,90,regproducer,,,,,08fed8bcb6c5f32286533a6f4b8fb387d45debadcd9b70923ca5bd7ddfa51a07,5901900.0
22523606,2018-07-14T23:25:06.500,libertyblock,91,regproducer,,,,,c52cb0ec8003459bf9f533c0c137c7a6ea975c008546b0a0d38d9f3e78074271,5916418.0
22607479,2018-07-15T01:49:20.500,libertyblock,92,regproducer,,,,,437e7837c7baa9f30ca5c8536a1169c864b64fe856e4dcded1b8bf0b7e3fdf2e,5933708.0
23428144,2018-07-15T05:41:01.500,libertyblock,93,claimrewards,,,,,cb4b890de13651eed57042570ef9298d79cb73adf1d415b8679e8a078d21e50f,5961313.0
23428155,2018-07-15T05:41:01.500,libertyblock,1791,transfer,eosio.bpay,libertyblock,322.5425,producer block pay,cb4b890de13651eed57042570ef9298d79cb73adf1d415b8679e8a078d21e50f,5961313.0
23428158,2018-07-15T05:41:01.500,libertyblock,4779,transfer,eosio.vpay,libertyblock,555.4827,producer vote pay,cb4b890de13651eed57042570ef9298d79cb73adf1d415b8679e8a078d21e50f,5961313.0
23691424,2018-07-15T06:42:47.500,sheos21sheos,154,claimrewards,,,,,e0a367bccd53a4c6923a4703e7f2d963e4a5b82979c36e7461f2630cf1494938,5968626.0
23691435,2018-07-15T06:42:47.500,sheos21sheos,4785,transfer,eosio.vpay,sheos21sheos,231.0755,producer vote pay,e0a367bccd53a4c6923a4703e7f2d963e4a5b82979c36e7461f2630cf1494938,5968626.0
23692276,2018-07-15T06:43:00.500,bp2bp2bp2bp2,35,claimrewards,,,,,1ed7ab41c29e3370fdba9baeccfd05393563e4bfe0b5fe7772d901e9b75580f4,5968652.0
25239137,2018-07-15T17:34:01.500,eosfishrocks,63,claimrewards,,,,,9b543c8e5aa1abfacf02afe40e18cd8c2547a162340c489987cb3bdf54e18de0,6045642.0
25239148,2018-07-15T17:34:01.500,eosfishrocks,4872,transfer,eosio.vpay,eosfishrocks,346.9582,producer vote pay,9b543c8e5aa1abfacf02afe40e18cd8c2547a162340c489987cb3bdf54e18de0,6045642.0
25467702,2018-07-15T19:16:20.500,libertyblock,94,regproducer,,,,,f8ed923be77da477cf0ef7fd9fe65ee32c932d8e9cad7b23ad89e6f5ba32358d,6057840.0
25503617,2018-07-15T19:32:24.000,eosliquideos,41,claimrewards,,,,,d2aacbeb37e8ce05a2533d281e894d1f5803874107b52112e9c32c476c69641f,6059761.0
25503628,2018-07-15T19:32:24.000,eosliquideos,1824,transfer,eosio.bpay,eosliquideos,322.3031,producer block pay,d2aacbeb37e8ce05a2533d281e894d1f5803874107b52112e9c32c476c69641f,6059761.0
25503631,2018-07-15T19:32:24.000,eosliquideos,4887,transfer,eosio.vpay,eosliquideos,505.3895,producer vote pay,d2aacbeb37e8ce05a2533d281e894d1f5803874107b52112e9c32c476c69641f,6059761.0
27021954,2018-07-16T05:42:01.500,libertyblock,95,claimrewards,,,,,4f14eec550bc1b282db6d118e7a065f55e528d2342447947186c51af4f8effea,6132356.0
27021965,2018-07-16T05:42:01.500,libertyblock,1851,transfer,eosio.bpay,libertyblock,322.8339,producer block pay,4f14eec550bc1b282db6d118e7a065f55e528d2342447947186c51af4f8effea,6132356.0
27021968,2018-07-16T05:42:01.500,libertyblock,4959,transfer,eosio.vpay,libertyblock,546.9451,producer vote pay,4f14eec550bc1b282db6d118e7a065f55e528d2342447947186c51af4f8effea,6132356.0
27222001,2018-07-16T06:42:51.500,sheos21sheos,155,claimrewards,,,,,860191e64707987a072c72ffdad7400583abee136aa293934c99659fd6f45ad4,6139608.0
27222012,2018-07-16T06:42:51.500,sheos21sheos,4965,transfer,eosio.vpay,sheos21sheos,228.1827,producer vote pay,860191e64707987a072c72ffdad7400583abee136aa293934c99659fd6f45ad4,6139608.0
27222644,2018-07-16T06:43:04.000,bp2bp2bp2bp2,36,claimrewards,,,,,f86ee7dc9069ef0fbd7850e17c31e5395bedfde26d3d485ba0ba7e54047e4264,6139633.0
27769726,2018-07-16T09:24:02.000,libertyblock,96,updateauth,,,,,25e1cfe7df2361d471bb6471db7a8809faed958f7eb41343db1f8de02060f217,6158602.0
27771083,2018-07-16T09:24:40.000,libertyblock,97,updateauth,,,,,fc09fdcb31f58851019ce7d2941153ded694b409de24fa9f0e56ba6cfbb88b87,6158678.0
27772620,2018-07-16T09:25:22.500,libertyblock,98,newaccount,,,,,b623e8a745a2e741257abb279ce5e233761da61aa614440d911c9cbc8b54d60f,6158763.0
27772622,2018-07-16T09:25:22.500,libertyblock,100,transfer,libertyblock,eosio.ram,-1.0686,buy ram,b623e8a745a2e741257abb279ce5e233761da61aa614440d911c9cbc8b54d60f,6158763.0
27772625,2018-07-16T09:25:22.500,libertyblock,103,transfer,libertyblock,eosio.ramfee,-0.0054,ram fee,b623e8a745a2e741257abb279ce5e233761da61aa614440d911c9cbc8b54d60f,6158763.0
27772629,2018-07-16T09:25:22.500,libertyblock,107,transfer,libertyblock,eosio.stake,-0.2,stake bandwidth,b623e8a745a2e741257abb279ce5e233761da61aa614440d911c9cbc8b54d60f,6158763.0
27776942,2018-07-16T09:27:24.000,libertyblock,110,transfer,libertyblock,libertycoldw,-20000.0,,249740a01a4dc05c5ea8ad5e8bb9141813f208fce6453b3f1f4db91d94157281,6159004.0
28256207,2018-07-16T17:35:02.000,eosfishrocks,64,claimrewards,,,,,b9c7a2091eb724110307012070ee150ca9f0fbc4fcafdb6a93669fd6388153eb,6216968.0
28256218,2018-07-16T17:35:02.000,eosfishrocks,5046,transfer,eosio.vpay,eosfishrocks,347.5491,producer vote pay,b9c7a2091eb724110307012070ee150ca9f0fbc4fcafdb6a93669fd6388153eb,6216968.0
28343987,2018-07-16T19:32:25.500,eosliquideos,42,claimrewards,,,,,8390ae9c580f9d1e7c51cf40f7e3789b18fb33fe6fa933fbe0ce15d554d5303b,6230924.0
28343998,2018-07-16T19:32:25.500,eosliquideos,1887,transfer,eosio.bpay,eosliquideos,322.1839,producer block pay,8390ae9c580f9d1e7c51cf40f7e3789b18fb33fe6fa933fbe0ce15d554d5303b,6230924.0
28344001,2018-07-16T19:32:25.500,eosliquideos,5058,transfer,eosio.vpay,eosliquideos,456.1714,producer vote pay,8390ae9c580f9d1e7c51cf40f7e3789b18fb33fe6fa933fbe0ce15d554d5303b,6230924.0
29764873,2018-07-17T05:40:38.000,eosfishrocks,65,transfer,eosfishrocks,binancecleos,-3800.0,100162753,983cd8ab6f57a40792c073a6563ec2410aed03e39ce0fc3f31e995790b100dbd,6302821.0
29770285,2018-07-17T05:42:02.000,libertyblock,113,claimrewards,,,,,e0cfbb17ee67320bac8e7ff1e557731f3cc9cc7a2ca05a06728722f52eca5962,6302988.0
29770296,2018-07-17T05:42:02.000,libertyblock,1920,transfer,eosio.bpay,libertyblock,323.2316,producer block pay,e0cfbb17ee67320bac8e7ff1e557731f3cc9cc7a2ca05a06728722f52eca5962,6302988.0
29770299,2018-07-17T05:42:02.000,libertyblock,5133,transfer,eosio.vpay,libertyblock,526.015,producer vote pay,e0cfbb17ee67320bac8e7ff1e557731f3cc9cc7a2ca05a06728722f52eca5962,6302988.0
30077763,2018-07-17T06:43:07.000,bp2bp2bp2bp2,37,claimrewards,,,,,d0b5db19a6dba59d8154108b8c9cd0e2f2cffaaef460cfe7d25fd55e9993c426,6309918.0
30284780,2018-07-17T07:19:34.000,libertyblock,114,regproducer,,,,,d294888711c0b1c0718e5f229291459296de525124e264c48a5d3bde644e6c9e,6313978.0
30288046,2018-07-17T07:20:16.000,libertyblock,115,regproducer,,,,,566ae4f00660bc5e7d534d078d1cfb2fe2893bb613e256975ec8e9b5c0052b71,6314060.0
30321208,2018-07-17T07:25:53.500,sheos21sheos,156,delegatebw,sheos21sheos,,,,c68029ff14dd9984b95521ea7b4970d188a17923554dd98bfb5e845dd8d6f8db,6314681.0
30321209,2018-07-17T07:25:53.500,sheos21sheos,157,transfer,sheos21sheos,eosio.stake,-2.0,stake bandwidth,c68029ff14dd9984b95521ea7b4970d188a17923554dd98bfb5e845dd8d6f8db,6314681.0
30371409,2018-07-17T07:36:00.000,sheos21sheos,160,delegatebw,sheos21sheos,,,,06def5bbfcbe8e5e62a4fcf084e506247e5b94a9a4f9c12bcc14e276a0444c98,6315788.0
30371410,2018-07-17T07:36:00.000,sheos21sheos,161,transfer,sheos21sheos,eosio.stake,-1.0,stake bandwidth,06def5bbfcbe8e5e62a4fcf084e506247e5b94a9a4f9c12bcc14e276a0444c98,6315788.0
30374749,2018-07-17T07:36:58.000,sheos21sheos,164,claimrewards,,,,,39591b7b2d40f15711704b121826a4f987d31cf66c90d63c0df2f909f0eaed3d,6315902.0
30374760,2018-07-17T07:36:58.000,sheos21sheos,5160,transfer,eosio.vpay,sheos21sheos,214.528,producer vote pay,39591b7b2d40f15711704b121826a4f987d31cf66c90d63c0df2f909f0eaed3d,6315902.0
30386454,2018-07-17T07:39:01.500,sheos21sheos,165,delegatebw,sheos21sheos,,,,35ebb0427f33ec924d5cafe6c2824f8c56dba50617a807b647ac9a46c9d9f0da,6316136.0
30386455,2018-07-17T07:39:01.500,sheos21sheos,166,transfer,sheos21sheos,eosio.stake,-10.0,stake bandwidth,35ebb0427f33ec924d5cafe6c2824f8c56dba50617a807b647ac9a46c9d9f0da,6316136.0
30409813,2018-07-17T07:44:14.000,sheos21sheos,169,transfer,sheos21sheos,hippopotamus,-90.611,,bafa6b0e6ab6220792c47082b3d82bec9f7522b57cc1246167600376937683e1,6316701.0
30413898,2018-07-17T07:45:28.000,sheos21sheos,172,transfer,sheos21sheos,sheosgoddess,-803.0,,970b9fe71524c36679acbf3fc1da2d78ed971ce8f5663eeb869a0afc7077d1c8,6316849.0
30414680,2018-07-17T07:45:40.000,eosliquideos,43,delegatebw,eosliquideos,,,,10f1e3aa21d1ce0a36db262d2f713fd48d8c319d32554526dbc0306a6e0f3d87,6316873.0
30414681,2018-07-17T07:45:40.000,eosliquideos,44,transfer,eosliquideos,eosio.stake,-20.0,stake bandwidth,10f1e3aa21d1ce0a36db262d2f713fd48d8c319d32554526dbc0306a6e0f3d87,6316873.0
30415444,2018-07-17T07:46:00.500,sheos21sheos,175,transfer,sheos21sheos,sheosgoddess,-0.2404,,e890f884790377f090b6c23047429dc6b9a4c42aed98d3b60fee49cb410201f0,6316902.0
30437663,2018-07-17T07:53:47.500,libertyblock,116,delegatebw,libertyblock,,,,bf30ee0d27bd0064bd9485d9024e8515843544b3f628dfb5b39f6593f53a9e1a,6317800.0
30437664,2018-07-17T07:53:47.500,libertyblock,117,transfer,libertyblock,eosio.stake,-5.0,stake bandwidth,bf30ee0d27bd0064bd9485d9024e8515843544b3f628dfb5b39f6593f53a9e1a,6317800.0
30500479,2018-07-17T08:12:47.500,libertyblock,120,regproducer,,,,,4de5a88f80fea11dd3474db0bf271962c1bf77bbaae293fca1e53d9f8a322d4a,6320036.0
33197829,2018-07-17T17:36:01.500,eosfishrocks,68,claimrewards,,,,,522841697e5ed321738997ebf7492b96128c037f74d5ed8f7f432dc1ad4e4db1,6383792.0
33197840,2018-07-17T17:36:01.500,eosfishrocks,1959,transfer,eosio.bpay,eosfishrocks,182.7499,producer block pay,522841697e5ed321738997ebf7492b96128c037f74d5ed8f7f432dc1ad4e4db1,6383792.0
33197843,2018-07-17T17:36:01.500,eosfishrocks,5235,transfer,eosio.vpay,eosfishrocks,374.8725,producer vote pay,522841697e5ed321738997ebf7492b96128c037f74d5ed8f7f432dc1ad4e4db1,6383792.0
36976167,2018-07-18T05:43:02.500,libertyblock,121,claimrewards,,,,,0f86aecff7a814a9f6436369c665ae66aefb01ef0e31e36f03e8eea691ea9471,6467819.0
36976178,2018-07-18T05:43:02.500,libertyblock,1983,transfer,eosio.bpay,libertyblock,330.7159,producer block pay,0f86aecff7a814a9f6436369c665ae66aefb01ef0e31e36f03e8eea691ea9471,6467819.0
36976181,2018-07-18T05:43:02.500,libertyblock,5313,transfer,eosio.vpay,libertyblock,544.1119,producer vote pay,0f86aecff7a814a9f6436369c665ae66aefb01ef0e31e36f03e8eea691ea9471,6467819.0
37218327,2018-07-18T06:43:10.000,bp2bp2bp2bp2,38,claimrewards,,,,,421cc90addf1ba396990f47ac3d5d78e8bb2bc91fbc509d59c9fc41080f93e8e,6474964.0
37439117,2018-07-18T07:37:01.500,sheos21sheos,178,claimrewards,,,,,1fecf32250417cce2f0dc08c8e25c808437e7a5ef79b2f2c619da8b1fe0a54dd,6481367.0
37439128,2018-07-18T07:37:01.500,sheos21sheos,5334,transfer,eosio.vpay,sheos21sheos,226.3993,producer vote pay,1fecf32250417cce2f0dc08c8e25c808437e7a5ef79b2f2c619da8b1fe0a54dd,6481367.0
40111887,2018-07-18T17:37:02.000,eosfishrocks,69,claimrewards,,,,,a9c56b28f177d04051cb06b17876d83245bf4c59092f33479fcc734be09774a8,6551980.0
40111898,2018-07-18T17:37:02.000,eosfishrocks,2022,transfer,eosio.bpay,eosfishrocks,133.0778,producer block pay,a9c56b28f177d04051cb06b17876d83245bf4c59092f33479fcc734be09774a8,6551980.0
40111901,2018-07-18T17:37:02.000,eosfishrocks,5427,transfer,eosio.vpay,eosfishrocks,372.8226,producer vote pay,a9c56b28f177d04051cb06b17876d83245bf4c59092f33479fcc734be09774a8,6551980.0
